pclass,survived,sex,age,sibsp,parch,ticket,fare,cabin,embarked,boat,body,home.dest
1st,1,female,29,0,0,24160,211.337494,B5,Southampton,2,NA,"St Louis, MO"
1st,1,male,0.916700006,1,2,113781,151.550003,C22 C26,Southampton,11,NA,"Montreal, PQ / Chesterville, ON"
1st,0,female,2,1,2,113781,151.550003,C22 C26,Southampton,,NA,"Montreal, PQ / Chesterville, ON"
1st,0,male,30,1,2,113781,151.550003,C22 C26,Southampton,,135,"Montreal, PQ / Chesterville, ON"
1st,0,female,25,1,2,113781,151.550003,C22 C26,Southampton,,NA,"Montreal, PQ / Chesterville, ON"
1st,1,male,48,0,0,19952,26.5499992,E12,Southampton,3,NA,"New York, NY"
1st,1,female,63,1,0,13502,77.9582977,D7,Southampton,10,NA,"Hudson, NY"
1st,0,male,39,0,0,112050,0,A36,Southampton,,NA,"Belfast, NI"
1st,1,female,53,2,0,11769,51.4791985,C101,Southampton,D,NA,"Bayside, Queens, NY"
1st,0,male,71,0,0,PC 17609,49.5042,,Cherbourg,,22,"Montevideo, Uruguay"
1st,0,male,47,1,0,PC 17757,227.524994,C62 C64,Cherbourg,,124,"New York, NY"
1st,1,female,18,1,0,PC 17757,227.524994,C62 C64,Cherbourg,4,NA,"New York, NY"
1st,1,female,24,0,0,PC 17477,69.3000031,B35,Cherbourg,9,NA,"Paris, France"
1st,1,female,26,0,0,19877,78.8499985,,Southampton,6,NA,
1st,1,male,80,0,0,27042,30,A23,Southampton,B,NA,"Hessle, Yorks"
1st,0,male,NA,0,0,PC 17318,25.9249992,,Southampton,,NA,"New York, NY"
1st,0,male,24,0,1,PC 17558,247.520798,B58 B60,Cherbourg,,NA,"Montreal, PQ"
1st,1,female,50,0,1,PC 17558,247.520798,B58 B60,Cherbourg,6,NA,"Montreal, PQ"
1st,1,female,32,0,0,11813,76.2917023,D15,Cherbourg,8,NA,
1st,0,male,36,0,0,13050,75.2416992,C6,Cherbourg,A,NA,"Winnipeg, MN"
1st,1,male,37,1,1,11751,52.5541992,D35,Southampton,5,NA,"New York, NY"
1st,1,female,47,1,1,11751,52.5541992,D35,Southampton,5,NA,"New York, NY"
1st,1,male,26,0,0,111369,30,C148,Cherbourg,5,NA,"New York, NY"
1st,1,female,42,0,0,PC 17757,227.524994,,Cherbourg,4,NA,
1st,1,female,29,0,0,PC 17483,221.779205,C97,Southampton,8,NA,
1st,0,male,25,0,0,13905,26,,Cherbourg,,148,"San Francisco, CA"
1st,1,male,25,1,0,11967,91.0792007,B49,Cherbourg,7,NA,"Dowagiac, MI"
1st,1,female,19,1,0,11967,91.0792007,B49,Cherbourg,7,NA,"Dowagiac, MI"
1st,1,female,35,0,0,PC 17760,135.633301,C99,Southampton,8,NA,
1st,1,male,28,0,0,110564,26.5499992,C52,Southampton,D,NA,"Stockholm, Sweden / Washington,"
1st,0,male,45,0,0,113784,35.5,T,Southampton,,NA,"Trenton, NJ"
1st,1,male,40,0,0,112277,31,A31,Cherbourg,7,NA,"Glen Ridge, NJ"
1st,1,female,30,0,0,36928,164.866699,C7,Southampton,8,NA,"Youngstown, OH"
1st,1,female,58,0,0,113783,26.5499992,C103,Southampton,8,NA,"Birkdale, England Cleveland, Oh"
1st,0,male,42,0,0,110489,26.5499992,D22,Southampton,,NA,"London / Winnipeg, MB"
1st,1,female,45,0,0,PC 17608,262.375,,Cherbourg,4,NA,"Cooperstown, NY"
1st,1,female,22,0,1,113505,55,E33,Southampton,6,NA,"St Leonards-on-Sea, England Ohi"
1st,1,male,NA,0,0,111427,26.5499992,,Southampton,9,NA,"Los Angeles, CA"
1st,0,male,41,0,0,113054,30.5,A21,Southampton,,NA,"Pomeroy, WA"
1st,0,male,48,0,0,PC 17591,50.4958,B10,Cherbourg,,208,"Omaha, NE"
1st,0,male,NA,0,0,112379,39.5999985,,Cherbourg,,NA,"Philadelphia, PA"
1st,1,female,44,0,0,PC 17610,27.7208004,B4,Cherbourg,6,NA,"Denver, CO"
1st,1,female,59,2,0,11769,51.4791985,C101,Southampton,D,NA,"Belmont, MA"
1st,1,female,60,0,0,11813,76.2917023,D15,Cherbourg,8,NA,"Philadelphia, PA"
1st,1,female,41,0,0,16966,134.5,E40,Cherbourg,3,NA,
1st,0,male,45,0,0,113050,26.5499992,B38,Southampton,,NA,"Washington, DC"
1st,0,male,NA,0,0,113798,31,,Southampton,,NA,
1st,1,male,42,0,0,PC 17476,26.2875004,E24,Southampton,5,NA,"New York, NY"
1st,1,female,53,0,0,PC 17606,27.4458008,,Cherbourg,6,NA,"Washington, DC"
1st,1,male,36,0,1,PC 17755,512.329224,B51 B53 B55,Cherbourg,3,NA,"Austria-Hungary / Germantown, P"
1st,1,female,58,0,1,PC 17755,512.329224,B51 B53 B55,Cherbourg,3,NA,"Germantown, Philadelphia, PA"
1st,0,male,33,0,0,695,5,B51 B53 B55,Southampton,,NA,"New York, NY"
1st,0,male,28,0,0,113059,47.0999985,,Southampton,,NA,"Montevideo, Uruguay"
1st,0,male,17,0,0,113059,47.0999985,,Southampton,,NA,"Montevideo, Uruguay"
1st,1,male,11,1,2,113760,120,B96 B98,Southampton,4,NA,"Bryn Mawr, PA"
1st,1,female,14,1,2,113760,120,B96 B98,Southampton,4,NA,"Bryn Mawr, PA"
1st,1,male,36,1,2,113760,120,B96 B98,Southampton,C,NA,"Bryn Mawr, PA"
1st,1,female,36,1,2,113760,120,B96 B98,Southampton,4,NA,"Bryn Mawr, PA"
1st,0,male,49,0,0,19924,26,,Southampton,,NA,"Ascot, Berkshire / Rochester, N"
1st,1,female,NA,0,0,17770,27.7208004,,Cherbourg,5,NA,"New York, NY"
1st,0,male,36,1,0,19877,78.8499985,C46,Southampton,,172,"Little Onn Hall, Staffs"
1st,1,female,76,1,0,19877,78.8499985,C46,Southampton,6,NA,"Little Onn Hall, Staffs"
1st,0,male,46,1,0,W.E.P. 5734,61.1749992,E31,Southampton,,NA,"Amenia, ND"
1st,1,female,47,1,0,W.E.P. 5734,61.1749992,E31,Southampton,4,NA,"Amenia, ND"
1st,1,male,27,1,0,113806,53.0999985,E8,Southampton,5,NA,"New York, NY / Ithaca, NY"
1st,1,female,33,1,0,113806,53.0999985,E8,Southampton,5,NA,"New York, NY / Ithaca, NY"
1st,1,female,36,0,0,PC 17608,262.375,B61,Cherbourg,4,NA,
1st,1,female,30,0,0,110152,86.5,B77,Southampton,8,NA,"London, England"
1st,1,male,45,0,0,PC 17594,29.7000008,A9,Cherbourg,7,NA,"Paris, France"
1st,1,female,NA,0,1,113505,55,E33,Southampton,6,NA,"St Leonards-on-Sea, England Ohi"
1st,0,male,NA,0,0,112051,0,,Southampton,,NA,"Liverpool, England / Belfast"
1st,0,male,27,1,0,13508,136.779205,C89,Cherbourg,,NA,"Los Angeles, CA"
1st,1,female,26,1,0,13508,136.779205,C89,Cherbourg,4,NA,"Los Angeles, CA"
1st,1,female,22,0,0,113781,151.550003,,Southampton,11,NA,
1st,0,male,NA,0,0,110465,52,A14,Southampton,,NA,"Stoughton, MA"
1st,0,male,47,0,0,5727,25.5874996,E58,Southampton,,NA,"Victoria, BC"
1st,1,female,39,1,1,PC 17756,83.1583023,E49,Cherbourg,14,NA,"Lakewood, NJ"
1st,0,male,37,1,1,PC 17756,83.1583023,E52,Cherbourg,,NA,"Lakewood, NJ"
1st,1,female,64,0,2,PC 17756,83.1583023,E45,Cherbourg,14,NA,"Lakewood, NJ"
1st,1,female,55,2,0,11770,25.7000008,C101,Southampton,2,NA,"New York, NY"
1st,0,male,NA,0,0,113791,26.5499992,,Southampton,,NA,"Roachdale, IN"
1st,0,male,70,1,1,WE/P 5735,71,B22,Southampton,,269,"Milwaukee, WI"
1st,1,female,36,0,2,WE/P 5735,71,B22,Southampton,7,NA,"Milwaukee, WI"
1st,1,female,64,1,1,112901,26.5499992,B26,Southampton,7,NA,"Milwaukee, WI"
1st,0,male,39,1,0,PC 17599,71.2833023,C85,Cherbourg,,NA,"New York, NY"
1st,1,female,38,1,0,PC 17599,71.2833023,C85,Cherbourg,4,NA,"New York, NY"
1st,1,male,51,0,0,113055,26.5499992,E17,Southampton,5 9,NA,"Lima, Peru"
1st,1,male,27,0,0,113804,30.5,,Southampton,3,NA,"Philadelphia, PA"
1st,1,female,33,0,0,113781,151.550003,,Southampton,8,NA,
1st,0,male,31,1,0,F.C. 12750,52,B71,Southampton,,NA,"Montreal, PQ"
1st,1,female,27,1,2,F.C. 12750,52,B71,Southampton,3,NA,"Montreal, PQ"
1st,1,male,31,1,0,17474,57,B20,Southampton,3,NA,"Calgary, AB"
1st,1,female,17,1,0,17474,57,B20,Southampton,3,NA,"Calgary, AB"
1st,1,male,53,1,1,33638,81.8582993,A34,Southampton,13,NA,"San Francisco, CA"
1st,1,male,4,0,2,33638,81.8582993,A34,Southampton,5,NA,"San Francisco, CA"
1st,1,female,54,1,1,33638,81.8582993,A34,Southampton,5,NA,"San Francisco, CA"
1st,0,male,50,1,0,PC 17761,106.425003,C86,Cherbourg,,62,"Deephaven, MN / Cedar Rapids, I"
1st,1,female,27,1,1,PC 17558,247.520798,B58 B60,Cherbourg,6,NA,"Montreal, PQ"
1st,1,female,48,1,0,PC 17761,106.425003,C86,Cherbourg,2,NA,"Deephaven, MN / Cedar Rapids, I"
1st,1,female,48,1,0,11755,39.5999985,A16,Cherbourg,1,NA,London / Paris
1st,1,male,49,1,0,PC 17485,56.9291992,A20,Cherbourg,1,NA,London / Paris
1st,0,male,39,0,0,PC 17580,29.7000008,A18,Cherbourg,,133,"Philadelphia, PA"
1st,1,female,23,0,1,11767,83.1583023,C54,Cherbourg,7,NA,"Mt Airy, Philadelphia, PA"
1st,1,female,38,0,0,PC 17757,227.524994,C45,Cherbourg,4,NA,"New York, NY"
1st,1,female,54,1,0,36947,78.2667007,D20,Cherbourg,4,NA,"Brookline, MA"
1st,0,female,36,0,0,PC 17531,31.6791992,A29,Cherbourg,,NA,"New York, NY"
1st,0,male,NA,0,0,PC 17483,221.779205,C95,Southampton,,NA,
1st,1,female,NA,0,0,PC 17598,31.6833,,Southampton,7,NA,"New York, NY"
1st,1,female,NA,0,0,17421,110.883301,,Cherbourg,4,NA,
1st,1,male,36,0,0,PC 17474,26.3875008,E25,Southampton,5,NA,"Brooklyn, NY"
1st,0,male,30,0,0,113051,27.75,C111,Cherbourg,,NA,"New York, NY"
1st,1,female,24,3,2,19950,263,C23 C25 C27,Southampton,10,NA,"Winnipeg, MB"
1st,1,female,28,3,2,19950,263,C23 C25 C27,Southampton,10,NA,"Winnipeg, MB"
1st,1,female,23,3,2,19950,263,C23 C25 C27,Southampton,10,NA,"Winnipeg, MB"
1st,0,male,19,3,2,19950,263,C23 C25 C27,Southampton,,NA,"Winnipeg, MB"
1st,0,male,64,1,4,19950,263,C23 C25 C27,Southampton,,NA,"Winnipeg, MB"
1st,1,female,60,1,4,19950,263,C23 C25 C27,Southampton,10,NA,"Winnipeg, MB"
1st,1,female,30,0,0,PC 17485,56.9291992,E36,Cherbourg,1,NA,
1st,0,male,NA,0,0,113778,26.5499992,D34,Southampton,,NA,"Westcliff-on-Sea, Essex"
1st,1,male,50,2,0,PC 17611,133.649994,,Southampton,5,NA,"New York, NY"
1st,1,male,43,1,0,17765,27.7208004,D40,Cherbourg,5,NA,"New York, NY"
1st,1,female,NA,1,0,PC 17611,133.649994,,Southampton,5,NA,"New York, NY"
1st,1,female,22,0,2,13568,49.5,B39,Cherbourg,5,NA,"Zurich, Switzerland"
1st,1,male,60,1,1,13567,79.1999969,B41,Cherbourg,5,NA,"Zurich, Switzerland"
1st,1,female,48,1,1,13567,79.1999969,B41,Cherbourg,5,NA,"Zurich, Switzerland"
1st,0,male,NA,0,0,112058,0,B102,Southampton,,NA,
1st,0,male,37,1,0,113803,53.0999985,C123,Southampton,,NA,"Scituate, MA"
1st,1,female,35,1,0,113803,53.0999985,C123,Southampton,D,NA,"Scituate, MA"
1st,0,male,47,0,0,111320,38.5,E63,Southampton,,275,"St Anne's-on-Sea, Lancashire"
1st,1,female,35,0,0,113503,211.5,C130,Cherbourg,4,NA,
1st,1,female,22,0,1,112378,59.4000015,,Cherbourg,7,NA,"New York, NY"
1st,1,female,45,0,1,112378,59.4000015,,Cherbourg,7,NA,"New York, NY"
1st,0,male,24,0,0,PC 17593,79.1999969,B86,Cherbourg,,NA,
1st,1,male,49,1,0,17453,89.1042023,C92,Cherbourg,5,NA,"Paris, France / New York, NY"
1st,1,female,NA,1,0,17453,89.1042023,C92,Cherbourg,5,NA,"Paris, France / New York, NY"
1st,0,male,71,0,0,PC 17754,34.6542015,A5,Cherbourg,,NA,"New York, NY"
1st,1,male,53,0,0,113780,28.5,C51,Cherbourg,B,NA,"Washington, DC"
1st,1,female,19,0,0,112053,30,B42,Southampton,3,NA,"Greenwich, CT"
1st,0,male,38,0,1,PC 17582,153.462494,C91,Southampton,,147,"Winnipeg, MB"
1st,1,female,58,0,1,PC 17582,153.462494,C125,Southampton,3,NA,"Greenwich, CT"
1st,1,male,23,0,1,PC 17759,63.3582993,D10 D12,Cherbourg,7,NA,"New York, NY"
1st,1,female,45,0,1,PC 17759,63.3582993,D10 D12,Cherbourg,7,NA,"New York, NY"
1st,0,male,46,0,0,PC 17593,79.1999969,B82 B84,Cherbourg,,NA,"New York, NY"
1st,1,male,25,1,0,11765,55.4417,E50,Cherbourg,5,NA,"Brooklyn, NY"
1st,1,female,25,1,0,11765,55.4417,E50,Cherbourg,5,NA,"Brooklyn, NY"
1st,1,male,48,1,0,PC 17572,76.7292023,D33,Cherbourg,3,NA,"New York, NY"
1st,1,female,49,1,0,PC 17572,76.7292023,D33,Cherbourg,3,NA,"New York, NY"
1st,0,male,NA,0,0,113796,42.4000015,,Southampton,,NA,
1st,0,male,45,1,0,36973,83.4749985,C83,Southampton,,NA,"New York, NY"
1st,1,female,35,1,0,36973,83.4749985,C83,Southampton,D,NA,"New York, NY"
1st,0,male,40,0,0,112059,0,B94,Southampton,,110,
1st,1,male,27,0,0,PC 17572,76.7292023,D49,Cherbourg,3,NA,
1st,1,male,NA,0,0,16988,30,D45,Southampton,3,NA,"Kingston, Surrey"
1st,1,female,24,0,0,11767,83.1583023,C54,Cherbourg,7,NA,"New York, NY"
1st,0,male,55,1,1,12749,93.5,B69,Southampton,,307,"Montreal, PQ"
1st,1,female,52,1,1,12749,93.5,B69,Southampton,3,NA,"Montreal, PQ"
1st,0,male,42,0,0,113038,42.5,B11,Southampton,,NA,London / Middlesex
1st,0,male,NA,0,0,17463,51.8624992,E46,Southampton,,NA,"Brighton, MA"
1st,0,male,55,0,0,680,50,C39,Southampton,,NA,London / Birmingham
1st,1,female,16,0,1,111361,57.9791985,B18,Cherbourg,4,NA,"Chicago, IL"
1st,1,female,44,0,1,111361,57.9791985,B18,Cherbourg,4,NA,"Chicago, IL"
1st,1,female,51,1,0,13502,77.9582977,D11,Southampton,10,NA,"Hudson, NY"
1st,0,male,42,1,0,113789,52,,Southampton,,38,"New York, NY"
1st,1,female,35,1,0,113789,52,,Southampton,8,NA,"New York, NY"
1st,1,male,35,0,0,111426,26.5499992,,Cherbourg,15,NA,"Indianapolis, IN"
1st,1,male,38,1,0,19943,90,C93,Southampton,D,NA,"New York, NY /  Stamford CT"
1st,0,male,NA,0,0,PC 17600,30.6958008,,Cherbourg,14,NA,"New York, NY"
1st,1,female,35,1,0,19943,90,C93,Southampton,D,NA,"New York, NY /  Stamford CT"
1st,1,female,38,0,0,113572,80,B28,NA,6,NA,
1st,0,female,50,0,0,PC 17595,28.7124996,C49,Cherbourg,,NA,"Paris, France New York, NY"
1st,1,male,49,0,0,112058,0,B52 B54 B56,Southampton,C,NA,Liverpool
1st,0,male,46,0,0,694,26,,Southampton,,80,"Bennington, VT"
1st,0,male,50,0,0,113044,26,E60,Southampton,,NA,London
1st,0,male,32.5,0,0,113503,211.5,C132,Cherbourg,,45,
1st,0,male,58,0,0,11771,29.7000008,B37,Cherbourg,,258,"Buffalo, NY"
1st,0,male,41,1,0,17464,51.8624992,D21,Southampton,,NA,"Southington / Noank, CT"
1st,1,female,NA,1,0,17464,51.8624992,D21,Southampton,8,NA,"Southington / Noank, CT"
1st,1,male,42,1,0,11753,52.5541992,D19,Southampton,5,NA,"Boston, MA"
1st,1,female,45,1,0,11753,52.5541992,D19,Southampton,5,NA,"Boston, MA"
1st,0,male,NA,0,0,113028,26.5499992,C124,Southampton,,NA,"Portland, OR"
1st,1,female,39,0,0,24160,211.337494,,Southampton,2,NA,
1st,1,female,49,0,0,17465,25.9291992,D17,Southampton,8,NA,"New York, NY"
1st,1,female,30,0,0,PC 17761,106.425003,,Cherbourg,2,NA,
1st,1,male,35,0,0,PC 17755,512.329224,B101,Cherbourg,3,NA,
1st,0,male,NA,0,0,PC 17612,27.7208004,,Cherbourg,,NA,"Chicago, IL"
1st,0,male,42,0,0,17475,26.5499992,,Southampton,,NA,"Stockholm, Sweden"
1st,1,female,55,0,0,112377,27.7208004,,Cherbourg,6,NA,"Stockholm, Sweden"
1st,1,female,16,0,1,PC 17592,39.4000015,D28,Southampton,9,NA,"Paris, France"
1st,1,female,51,0,1,PC 17592,39.4000015,D28,Southampton,9,NA,"Paris, France"
1st,0,male,29,0,0,113501,30,D6,Southampton,,126,"Springfield, MA"
1st,1,female,21,0,0,13502,77.9582977,D9,Southampton,10,NA,"Hudson, NY"
1st,0,male,30,0,0,113801,45.5,,Southampton,,NA,"London / New York, NY"
1st,1,female,58,0,0,PC 17569,146.520798,B80,Cherbourg,,NA,
1st,1,female,15,0,1,24160,211.337494,B5,Southampton,2,NA,"St Louis, MO"
1st,0,male,30,0,0,110469,26,C106,Southampton,,NA,"Brockton, MA"
1st,1,female,16,0,0,110152,86.5,B79,Southampton,8,NA,
1st,1,male,NA,0,0,11774,29.7000008,C47,Cherbourg,7,NA,"Paris, France"
1st,0,male,19,1,0,113773,53.0999985,D30,Southampton,,NA,"New York, NY"
1st,1,female,18,1,0,113773,53.0999985,D30,Southampton,10,NA,"New York, NY"
1st,1,female,24,0,0,PC 17482,49.5042,C90,Cherbourg,6,NA,"Belgium  Montreal, PQ"
1st,0,male,46,0,0,13050,75.2416992,C6,Cherbourg,,292,"Vancouver, BC"
1st,0,male,54,0,0,17463,51.8624992,E46,Southampton,,175,"Dorchester, MA"
1st,1,male,36,0,0,PC 17473,26.2875004,E25,Southampton,7,NA,"Philadelphia, PA"
1st,0,male,28,1,0,PC 17604,82.1707993,,Cherbourg,,NA,"New York, NY"
1st,1,female,NA,1,0,PC 17604,82.1707993,,Cherbourg,6,NA,"New York, NY"
1st,0,male,65,0,0,13509,26.5499992,E38,Southampton,,249,"East Bridgewater, MA"
1st,0,male,44,2,0,19928,90,C78,Queenstown,,230,"Fond du Lac, WI"
1st,1,female,33,1,0,19928,90,C78,Queenstown,14,NA,"Green Bay, WI"
1st,1,female,37,1,0,19928,90,C78,Queenstown,14,NA,"Fond du Lac, WI"
1st,1,male,30,1,0,13236,57.75,C78,Cherbourg,11,NA,"New York, NY"
1st,0,male,55,0,0,113787,30.5,C30,Southampton,,NA,"Montreal, PQ"
1st,0,male,47,0,0,113796,42.4000015,,Southampton,,NA,"Washington, DC"
1st,0,male,37,0,1,PC 17596,29.7000008,C118,Cherbourg,,NA,"Brooklyn, NY"
1st,1,female,31,1,0,35273,113.275002,D36,Cherbourg,6,NA,"Lexington, MA"
1st,1,female,23,1,0,35273,113.275002,D36,Cherbourg,6,NA,"Lexington, MA"
1st,0,male,58,0,2,35273,113.275002,D48,Cherbourg,,122,"Lexington, MA"
1st,1,female,19,0,2,11752,26.2833004,D47,Southampton,5,NA,"New York, NY"
1st,0,male,64,0,0,693,26,,Southampton,,263,"Isle of Wight, England"
1st,1,female,39,0,0,PC 17758,108.900002,C105,Cherbourg,8,NA,
1st,1,male,NA,0,0,F.C. 12998,25.7416992,,Cherbourg,7,NA,"Paris, France"
1st,1,female,22,0,1,113509,61.9791985,B36,Cherbourg,5,NA,"Providence, RI"
1st,0,male,65,0,1,113509,61.9791985,B30,Cherbourg,,234,"Providence, RI"
1st,0,male,28.5,0,0,PC 17562,27.7208004,D43,Cherbourg,,189,"?Havana, Cuba"
1st,0,male,NA,0,0,112052,0,,Southampton,,NA,Belfast
1st,0,male,45.5,0,0,113043,28.5,C124,Southampton,,166,"Surbiton Hill, Surrey"
1st,0,male,23,0,0,12749,93.5,B24,Southampton,,NA,"Montreal, PQ"
1st,0,male,29,1,0,113776,66.5999985,C2,Southampton,,NA,"Isleworth, England"
1st,1,female,22,1,0,113776,66.5999985,C2,Southampton,8,NA,"Isleworth, England"
1st,0,male,18,1,0,PC 17758,108.900002,C65,Cherbourg,,NA,"Madrid, Spain"
1st,1,female,17,1,0,PC 17758,108.900002,C65,Cherbourg,8,NA,"Madrid, Spain"
1st,1,female,30,0,0,12749,93.5,B73,Southampton,3,NA,
1st,1,male,52,0,0,113786,30.5,C104,Southampton,6,NA,"Toronto, ON"
1st,0,male,47,0,0,110465,52,C110,Southampton,,207,"Worcester, MA"
1st,1,female,56,0,1,11767,83.1583023,C50,Cherbourg,7,NA,"Mt Airy, Philadelphia, PA"
1st,0,male,38,0,0,19972,0,,Southampton,,NA,"Rotterdam, Netherlands"
1st,1,male,NA,0,0,PC 17607,39.5999985,,Southampton,A,NA,"Paris /  New York, NY"
1st,0,male,22,0,0,PC 17760,135.633301,,Cherbourg,,232,
1st,0,male,NA,0,0,PC 17757,227.524994,,Cherbourg,,NA,
1st,1,female,43,0,1,24160,211.337494,B3,Southampton,2,NA,"St Louis, MO"
1st,0,male,31,0,0,PC 17590,50.4958,A24,Southampton,,NA,"Trenton, NJ"
1st,1,male,45,0,0,111428,26.5499992,,Southampton,9,NA,"New York, NY"
1st,0,male,NA,0,0,113767,50,A32,Southampton,,NA,"Seattle, WA"
1st,1,female,33,0,0,PC 17613,27.7208004,A11,Cherbourg,11,NA,"Paris, France"
1st,0,male,46,0,0,PC 17585,79.1999969,,Cherbourg,,16,"New York, NY"
1st,0,male,36,0,0,13049,40.125,A10,Cherbourg,,NA,"Winnipeg, MB"
1st,1,female,33,0,0,110152,86.5,B77,Southampton,8,NA,"London  Vancouver, BC"
1st,0,male,55,1,0,PC 17603,59.4000015,,Cherbourg,,NA,"New York, NY"
1st,1,female,54,1,0,PC 17603,59.4000015,,Cherbourg,6,NA,"New York, NY"
1st,0,male,33,0,0,113790,26.5499992,,Southampton,,109,London
1st,1,male,13,2,2,PC 17608,262.375,B57 B59 B63 B66,Cherbourg,4,NA,"Haverford, PA / Cooperstown, NY"
1st,1,female,18,2,2,PC 17608,262.375,B57 B59 B63 B66,Cherbourg,4,NA,"Haverford, PA / Cooperstown, NY"
1st,1,female,21,2,2,PC 17608,262.375,B57 B59 B63 B66,Cherbourg,4,NA,"Haverford, PA / Cooperstown, NY"
1st,0,male,61,1,3,PC 17608,262.375,B57 B59 B63 B66,Cherbourg,,NA,"Haverford, PA / Cooperstown, NY"
1st,1,female,48,1,3,PC 17608,262.375,B57 B59 B63 B66,Cherbourg,4,NA,"Haverford, PA / Cooperstown, NY"
1st,1,male,NA,0,0,19988,30.5,C106,Southampton,3,NA,"Manchester, England"
1st,1,female,24,0,0,PC 17477,69.3000031,B35,Cherbourg,9,NA,
1st,1,male,NA,0,0,111163,26,,Southampton,1,NA,"New York, NY"
1st,1,female,35,1,0,13236,57.75,C28,Cherbourg,11,NA,"New York, NY"
1st,1,female,30,0,0,113798,31,,Cherbourg,4,NA,
1st,1,male,34,0,0,113794,26.5499992,,Southampton,7,NA,"New York, NY"
1st,1,female,40,0,0,PC 17582,153.462494,C125,Southampton,3,NA,"New York, NY / Greenwich CT"
1st,1,male,35,0,0,PC 17475,26.2875004,E24,Southampton,5,NA,"St Louis, MO"
1st,0,male,50,1,0,13507,55.9000015,E44,Southampton,,NA,"Duluth, MN"
1st,1,female,39,1,0,13507,55.9000015,E44,Southampton,11,NA,"Duluth, MN"
1st,1,male,56,0,0,13213,35.5,A26,Cherbourg,3,NA,"Basel, Switzerland"
1st,1,male,28,0,0,113788,35.5,A6,Southampton,7,NA,"New Britain, CT"
1st,0,male,56,0,0,113792,26.5499992,,Southampton,,NA,"New York, NY"
1st,0,male,56,0,0,17764,30.6958008,A7,Cherbourg,,NA,"St James, Long Island, NY"
1st,0,male,24,1,0,13695,60,C31,Southampton,,NA,"Huntington, WV"
1st,0,male,NA,0,0,113056,26,A19,Southampton,,NA,"Streatham, Surrey"
1st,1,female,18,1,0,13695,60,C31,Southampton,6,NA,"Huntington, WV"
1st,1,male,24,1,0,21228,82.2667007,B45,Southampton,7,NA,"Minneapolis, MN"
1st,1,female,23,1,0,21228,82.2667007,B45,Southampton,7,NA,"Minneapolis, MN"
1st,1,male,6,0,2,16966,134.5,E34,Cherbourg,3,NA,"Tuxedo Park, NY"
1st,1,male,45,1,1,16966,134.5,E34,Cherbourg,3,NA,"Tuxedo Park, NY"
1st,1,female,40,1,1,16966,134.5,E34,Cherbourg,3,NA,"Tuxedo Park, NY"
1st,0,male,57,1,0,PC 17569,146.520798,B78,Cherbourg,,NA,"Paris, France"
1st,1,female,NA,1,0,PC 17569,146.520798,B78,Cherbourg,6,NA,"Paris, France"
1st,1,male,32,0,0,13214,30.5,B50,Cherbourg,3,NA,"Basel, Switzerland"
1st,0,male,62,0,0,113514,26.5499992,C87,Southampton,,NA,"Wimbledon Park, London / Haylin"
1st,1,male,54,1,0,11778,55.4417,C116,Cherbourg,1,NA,"Newark, NJ"
1st,1,female,43,1,0,11778,55.4417,C116,Cherbourg,5,NA,"Newark, NJ"
1st,1,female,52,1,0,36947,78.2667007,D20,Cherbourg,4,NA,"Haverford, PA"
1st,0,male,NA,0,0,PC 17605,27.7208004,,Cherbourg,,NA,"Gallipolis, Ohio / ? Paris / Ne"
1st,1,female,62,0,0,113572,80,B28,NA,6,NA,"Cincinatti, OH"
1st,0,male,67,1,0,PC 17483,221.779205,C55 C57,Southampton,,96,"New York, NY"
1st,0,female,63,1,0,PC 17483,221.779205,C55 C57,Southampton,,NA,"New York, NY"
1st,0,male,61,0,0,36963,32.3208008,D50,Southampton,,46,"Haddenfield, NJ"
1st,1,female,48,0,0,17466,25.9291992,D17,Southampton,8,NA,"Brooklyn, NY"
1st,1,female,18,0,2,110413,79.6500015,E68,Southampton,8,NA,"New York, NY"
1st,0,male,52,1,1,110413,79.6500015,E67,Southampton,,NA,"New York, NY"
1st,1,female,39,1,1,110413,79.6500015,E67,Southampton,8,NA,"New York, NY"
1st,1,male,48,1,0,19996,52,C126,Southampton,5 7,NA,"London /  East Orange, NJ"
1st,1,female,NA,1,0,19996,52,C126,Southampton,5 7,NA,"London /  East Orange, NJ"
1st,0,male,49,1,1,17421,110.883301,C68,Cherbourg,,NA,"Haverford, PA"
1st,1,male,17,0,2,17421,110.883301,C70,Cherbourg,B,NA,"Haverford, PA"
1st,1,female,39,1,1,17421,110.883301,C68,Cherbourg,4,NA,"Haverford, PA"
1st,1,female,NA,0,0,PC 17585,79.1999969,,Cherbourg,D,NA,"New York, NY"
1st,1,male,31,0,0,2543,28.5375004,C53,Cherbourg,7,NA,"Albany, NY"
1st,0,male,40,0,0,PC 17601,27.7208004,,Cherbourg,,NA,"Mexico City, Mexico"
1st,0,male,61,0,0,111240,33.5,B19,Southampton,,245,"Brooklyn, NY"
1st,0,male,47,0,0,36967,34.0208015,D46,Southampton,,NA,"East Orange, NJ"
1st,1,female,35,0,0,PC 17755,512.329224,,Cherbourg,3,NA,
1st,0,male,64,1,0,110813,75.25,D37,Cherbourg,,NA,"Portland, OR"
1st,1,female,60,1,0,110813,75.25,D37,Cherbourg,5,NA,"Portland, OR"
1st,0,male,60,0,0,113800,26.5499992,,Southampton,,NA,"England Salt Lake City, Utah"
1st,0,male,54,0,1,35281,77.2874985,D26,Southampton,,NA,"Brunswick, ME"
1st,0,male,21,0,1,35281,77.2874985,D26,Southampton,,169,"Brunswick, ME"
1st,1,female,55,0,0,PC 17760,135.633301,C32,Cherbourg,8,NA,"New York, NY / Briarcliff Manor"
1st,1,female,31,0,2,36928,164.866699,C7,Southampton,8,NA,"Youngstown, OH"
1st,0,male,57,1,1,36928,164.866699,,Southampton,,NA,"Youngstown, OH"
1st,1,female,45,1,1,36928,164.866699,,Southampton,8,NA,"Youngstown, OH"
1st,0,male,50,1,1,113503,211.5,C80,Cherbourg,,NA,"Elkins Park, PA"
1st,0,male,27,0,2,113503,211.5,C82,Cherbourg,,NA,"Elkins Park, PA"
1st,1,female,50,1,1,113503,211.5,C80,Cherbourg,4,NA,"Elkins Park, PA"
1st,1,female,21,0,0,113795,26.5499992,,Southampton,8 10,NA,"Duluth, MN"
1st,0,male,51,0,1,PC 17597,61.3792,,Cherbourg,,NA,"Geneva, Switzerland / Radnor, P"
1st,1,male,21,0,1,PC 17597,61.3792,,Cherbourg,A,NA,"Geneva, Switzerland / Radnor, P"
1st,0,male,NA,0,0,113510,35,C128,Southampton,,NA,"London, England"
1st,1,female,31,0,0,16966,134.5,E39 E41,Cherbourg,3,NA,
1st,1,male,NA,0,0,19947,35.5,C52,Southampton,D,NA,"London, England"
1st,0,male,62,0,0,113807,26.5499992,,Southampton,,NA,"Halifax, NS"
1st,1,female,36,0,0,PC 17760,135.633301,C32,Cherbourg,8,NA,"New York, NY / Washington, DC"
2nd,0,male,30,1,0,P/PP 3381,24,,Cherbourg,,NA,"Russia New York, NY"
2nd,1,female,28,1,0,P/PP 3381,24,,Cherbourg,10,NA,"Russia New York, NY"
2nd,0,male,30,0,0,248744,13,,Southampton,,NA,"Bryn Mawr, PA, USA"
2nd,0,male,18,0,0,231945,11.5,,Southampton,,NA,"Buenos Aires, Argentina / New J"
2nd,0,male,25,0,0,C.A. 34050,10.5,,Southampton,,NA,"Cornwall, England Houghton, MI"
2nd,0,male,34,1,0,226875,26,,Southampton,,NA,"Warwick, England"
2nd,1,female,36,1,0,226875,26,,Southampton,11,NA,"Warwick, England"
2nd,0,male,57,0,0,244346,13,,Southampton,,NA,"West Hoboken, NJ"
2nd,0,male,18,0,0,29108,11.5,,Southampton,,NA,"Penzance, Cornwall / Akron, OH"
2nd,0,male,23,0,0,C.A. 31030,10.5,,Southampton,,NA,Guernsey
2nd,1,female,36,0,0,28551,13,D,Southampton,10,NA,"Bristol, Avon / Jacksonville, F"
2nd,0,male,28,0,0,C.A./SOTON 34068,10.5,,Southampton,,NA,"Plymouth, Dorset / Houghton, MI"
2nd,0,male,51,0,0,S.O.P. 1166,12.5249996,,Southampton,,174,"Jacksonville, FL"
2nd,1,male,32,1,0,2908,26,,Southampton,13,NA,"Norwich / New York, NY"
2nd,1,female,19,1,0,2908,26,,Southampton,13,NA,"Norwich / New York, NY"
2nd,0,male,28,0,0,244358,26,,Southampton,,NA,England
2nd,1,male,1,2,1,230136,39,F4,Southampton,11,NA,"Guntur, India / Benton Harbour,"
2nd,1,female,4,2,1,230136,39,F4,Southampton,11,NA,"Guntur, India / Benton Harbour,"
2nd,1,female,12,2,1,230136,39,F4,Southampton,13,NA,"Guntur, India / Benton Harbour,"
2nd,1,female,36,0,3,230136,39,F4,Southampton,11,NA,"Guntur, India / Benton Harbour,"
2nd,1,male,34,0,0,248698,13,D56,Southampton,13,NA,London
2nd,1,female,19,0,0,28404,13,,Southampton,12,NA,"Rochester, NY"
2nd,0,male,23,0,0,28425,13,,Southampton,,NA,"St Ives, Cornwall / Calumet, MI"
2nd,0,male,26,0,0,237670,13,,Southampton,,NA,"Elmira, NY / Orange, NJ"
2nd,0,male,42,0,0,211535,13,,Southampton,,NA,London
2nd,0,male,27,0,0,220367,13,,Southampton,,NA,"Lake Arthur, Chavez County, NM"
2nd,1,female,24,0,0,248733,13,F33,Southampton,11,NA,"London / Montreal, PQ"
2nd,1,female,15,0,2,29750,39,,Southampton,14,NA,"Cape Town, South Africa / Seatt"
2nd,0,male,60,1,1,29750,39,,Southampton,,NA,"Cape Town, South Africa / Seatt"
2nd,1,female,40,1,1,29750,39,,Southampton,14,NA,"Cape Town, South Africa / Seatt"
2nd,1,female,20,1,0,236853,26,,Southampton,12,NA,"Skara, Sweden / Rockford, IL"
2nd,0,male,25,1,0,236853,26,,Southampton,,NA,"Skara, Sweden / Rockford, IL"
2nd,1,female,36,0,0,27849,13,,Southampton,9,NA,"Sittingbourne, England / San Di"
2nd,0,male,25,0,0,234686,13,,Southampton,,97,"Southsea, Hants"
2nd,0,male,42,0,0,244310,13,,Southampton,,NA,London
2nd,1,female,42,0,0,236852,13,,Southampton,,NA,"New York, NY"
2nd,1,male,0.833299994,0,2,248738,29,,Southampton,13,NA,"Bangkok, Thailand / Roseville,"
2nd,1,male,26,1,1,248738,29,,Southampton,13,NA,"Bangkok, Thailand / Roseville,"
2nd,1,female,22,1,1,248738,29,,Southampton,13,NA,"Bangkok, Thailand / Roseville,"
2nd,1,female,35,0,0,F.C.C. 13528,21,,Southampton,14,NA,"Mamaroneck, NY"
2nd,0,male,NA,0,0,239853,0,,Southampton,,NA,Belfast
2nd,0,male,19,0,0,28424,13,,Southampton,,18,"St Ives, Cornwall / Calumet, MI"
2nd,0,female,44,1,0,244252,26,,Southampton,,NA,London
2nd,0,male,54,1,0,244252,26,,Southampton,,NA,London
2nd,0,male,52,0,0,248731,13.5,,Southampton,,130,"Bronx, NY"
2nd,0,male,37,1,0,SC/AH 29037,26,,Southampton,,17,"Cornwall / Spokane, WA"
2nd,0,female,29,1,0,SC/AH 29037,26,,Southampton,,NA,"Cornwall / Spokane, WA"
2nd,1,female,25,1,1,237789,30,,Southampton,12,NA,London
2nd,1,female,45,0,2,237789,30,,Southampton,12,NA,London
2nd,0,male,29,1,0,2003,26,,Southampton,,NA,"England / San Francisco, CA"
2nd,1,female,28,1,0,2003,26,,Southampton,14,NA,"England / San Francisco, CA"
2nd,0,male,29,0,0,W./C. 14263,10.5,,Southampton,,NA,"Hartford, Huntingdonshire"
2nd,0,male,28,0,0,248740,13,,Southampton,,NA,"Helsinki, Finland Ashtabula, Oh"
2nd,1,male,24,0,0,28034,10.5,,Southampton,9,NA,"London / Fort Byron, NY"
2nd,1,female,8,0,2,C.A. 31921,26.25,,Southampton,14,NA,"Bishopstoke, Hants / Fayette Va"
2nd,0,male,31,1,1,C.A. 31921,26.25,,Southampton,,NA,"Bishopstoke, Hants / Fayette Va"
2nd,1,female,31,1,1,C.A. 31921,26.25,,Southampton,14,NA,"Bishopstoke, Hants / Fayette Va"
2nd,1,female,22,0,0,W./C. 14266,10.5,F33,Southampton,14,NA,Pennsylvania
2nd,0,female,30,0,0,237249,13,,Southampton,,NA,"Provo, UT"
2nd,0,female,NA,0,0,F.C.C. 13534,21,,Southampton,,NA,"Upper Burma, India Pittsburgh,"
2nd,0,male,21,0,0,29107,11.5,,Southampton,,NA,"Penzance, Cornwall / Akron, OH"
2nd,0,male,NA,0,0,239853,0,,Southampton,,NA,Belfast
2nd,1,male,8,1,1,C.A. 33112,36.75,,Southampton,14,NA,"St Ives, Cornwall / Hancock, MI"
2nd,0,male,18,0,0,S.O.C. 14879,73.5,,Southampton,,NA,"Lyndhurst, England"
2nd,1,female,48,0,2,C.A. 33112,36.75,,Southampton,14,NA,"St Ives, Cornwall / Hancock, MI"
2nd,1,female,28,0,0,237668,13,,Southampton,13,NA,"London / Staten Island, NY"
2nd,0,male,32,0,0,244360,13,,Southampton,,NA,"Portugal / Sau Paulo, Brazil"
2nd,0,male,17,0,0,S.O.C. 14879,73.5,,Southampton,,NA,
2nd,0,male,29,1,0,SC/PARIS 2167,27.7208004,,Cherbourg,,295,"Lucca, Italy / California"
2nd,1,female,24,1,0,SC/PARIS 2167,27.7208004,,Cherbourg,12,NA,"Lucca, Italy / California"
2nd,0,male,25,0,0,C.A. 31029,31.5,,Southampton,,NA,"Guernsey / Elizabeth, NJ"
2nd,0,male,18,0,0,S.O.C. 14879,73.5,,Southampton,,NA,"New Forest, England"
2nd,1,female,18,0,1,231919,23,,Southampton,,NA,Southampton
2nd,1,female,34,0,1,231919,23,,Southampton,,NA,Southampton
2nd,0,male,54,0,0,28403,26,,Southampton,,NA,"Holley, NY"
2nd,1,male,8,0,2,28220,32.5,,Southampton,10,NA,"Greenport, NY"
2nd,0,male,42,1,1,28220,32.5,,Southampton,,NA,"Greenport, NY"
2nd,1,female,34,1,1,28220,32.5,,Southampton,10,NA,"Greenport, NY"
2nd,1,female,27,1,0,SC/PARIS 2149,13.8583002,,Cherbourg,12,NA,"Barcelona, Spain / Havana, Cuba"
2nd,1,female,30,1,0,SC/PARIS 2148,13.8583002,,Cherbourg,12,NA,"Barcelona, Spain / Havana, Cuba"
2nd,0,male,23,0,0,29751,13,,Southampton,,NA,"England / Detroit, MI"
2nd,0,male,21,0,0,236854,13,,Southampton,,NA,"Goteborg, Sweden / Rockford, IL"
2nd,0,male,18,0,0,236171,13,,Southampton,,NA,"Oslo, Norway Bayonne, NJ"
2nd,0,male,40,1,0,2926,26,,Southampton,,286,"England / Philadelphia, PA"
2nd,1,female,29,1,0,2926,26,,Southampton,16,NA,
2nd,0,male,18,0,0,C.A. 15185,10.5,,Southampton,,NA,"Cornwall / Houghton, MI"
2nd,0,male,36,0,0,229236,13,,Southampton,,236,"Rochester, NY"
2nd,0,male,NA,0,0,239854,0,,Southampton,,NA,Belfast
2nd,0,female,38,0,0,237671,13,,Southampton,,NA,"Janjgir, India / Pennsylvania"
2nd,0,male,35,0,0,239865,26,,Southampton,,322,"Liverpool / Montreal, PQ"
2nd,0,male,38,1,0,28664,21,,Southampton,,NA,"Cornwall / Clear Creek, CO"
2nd,0,male,34,1,0,28664,21,,Southampton,,NA,"Cornwall / Clear Creek, CO"
2nd,1,female,34,0,0,243880,13,,Southampton,12,NA,"Brooklyn, NY"
2nd,0,male,16,0,0,239865,26,,Southampton,,NA,"Liverpool / Montreal, PQ"
2nd,0,male,26,0,0,31028,10.5,,Southampton,,NA,"Guernsey / Elizabeth, NJ"
2nd,0,male,47,0,0,C.A. 30769,10.5,,Southampton,,NA,Cornwall
2nd,0,male,21,1,0,28133,11.5,,Southampton,,NA,"Cornwall / Camden, NJ"
2nd,0,male,21,1,0,28134,11.5,,Southampton,,NA,"Cornwall / Camden, NJ"
2nd,0,male,24,0,0,248726,13.5,,Southampton,,297,"West Kensington, London"
2nd,0,male,24,0,0,233866,13,,Southampton,,155,"Clevedon, England"
2nd,0,male,34,0,0,12233,13,,Southampton,,NA,"Vancouver, BC"
2nd,0,male,30,0,0,250646,13,,Southampton,,305,
2nd,0,male,52,0,0,250647,13,,Southampton,,19,"Bronx, NY"
2nd,0,male,30,0,0,250653,13,,Southampton,,75,"Auburn, NY"
2nd,1,male,0.666700006,1,1,250649,14.5,,Southampton,4,NA,"Detroit, MI"
2nd,1,female,24,0,2,250649,14.5,,Southampton,4,NA,"Detroit, MI"
2nd,0,male,44,0,0,248746,13,,Southampton,,35,"Seattle, WA / Toledo, OH"
2nd,1,female,6,0,1,248727,33,,Southampton,11,NA,"Denmark Hill, Surrey / Chicago"
2nd,0,male,28,0,1,248727,33,,Southampton,,NA,"Denmark Hill, Surrey / Chicago"
2nd,1,male,62,0,0,S.W./PP 752,10.5,,Southampton,15,NA,London
2nd,0,male,30,0,0,W/C 14208,10.5,,Southampton,,NA,"Walthamstow, England"
2nd,1,female,7,0,2,F.C.C. 13529,26.25,,Southampton,14,NA,"Ilford, Essex / Winnipeg, MB"
2nd,0,male,43,1,1,F.C.C. 13529,26.25,,Southampton,,NA,"Ilford, Essex / Winnipeg, MB"
2nd,1,female,45,1,1,F.C.C. 13529,26.25,,Southampton,14,NA,"Ilford, Essex / Winnipeg, MB"
2nd,1,female,24,1,2,220845,65,,Southampton,9,NA,"Somerset / Bernardsville, NJ"
2nd,1,female,24,1,2,220845,65,,Southampton,9,NA,"Somerset / Bernardsville, NJ"
2nd,0,male,49,1,2,220845,65,,Southampton,,NA,"Somerset / Bernardsville, NJ"
2nd,1,female,48,1,2,220845,65,,Southampton,9,NA,"Somerset / Bernardsville, NJ"
2nd,1,female,55,0,0,248706,16,,Southampton,13,NA,"India / Rapid City, SD"
2nd,0,male,24,2,0,S.O.C. 14879,73.5,,Southampton,,NA,"West Hampstead, London / Neepaw"
2nd,0,male,32,2,0,S.O.C. 14879,73.5,,Southampton,,256,"West Hampstead, London / Neepaw"
2nd,0,male,21,2,0,S.O.C. 14879,73.5,,Southampton,,NA,"West Hampstead, London / Neepaw"
2nd,0,female,18,1,1,250650,13,,Southampton,,NA,"Kontiolahti, Finland / Detroit,"
2nd,1,female,20,2,1,29105,23,,Southampton,4,NA,"Cornwall / Akron, OH"
2nd,0,male,23,2,1,29104,11.5,,Southampton,,NA,"Cornwall / Akron, OH"
2nd,0,male,36,0,0,242963,13,,Southampton,,NA,"Devonport, England"
2nd,1,female,54,1,3,29105,23,,Southampton,4,NA,"Cornwall / Akron, OH"
2nd,0,male,50,0,0,250643,13,,Southampton,,149,Southampton
2nd,0,male,44,1,0,26707,26,,Southampton,,NA,"England / Sacramento, CA"
2nd,1,female,29,1,0,26707,26,,Southampton,10,NA,"England / Sacramento, CA"
2nd,0,male,21,0,0,S.O.C. 14879,73.5,,Southampton,,NA,"New Forest, England"
2nd,1,male,42,0,0,237798,13,,Southampton,10,NA,"Tokyo, Japan"
2nd,0,male,63,1,0,24065,26,,Southampton,,NA,"Swindon, England"
2nd,0,female,60,1,0,24065,26,,Southampton,,NA,"Swindon, England"
2nd,0,male,33,0,0,SCO/W 1585,12.2749996,,Southampton,,NA,"Philadelphia, PA"
2nd,1,female,17,0,0,SO/C 14885,10.5,,Southampton,,NA,Guernsey
2nd,0,male,42,1,0,243847,27,,Southampton,,NA,London
2nd,1,female,24,2,1,243847,27,,Southampton,12,NA,London
2nd,0,male,47,0,0,237565,15,,Southampton,,NA,"North Evington, England"
2nd,0,male,24,2,0,C.A. 31029,31.5,,Southampton,,NA,"Guernsey / Elizabeth, NJ"
2nd,0,male,22,2,0,C.A. 31029,31.5,,Southampton,,NA,"Guernsey / Elizabeth, NJ"
2nd,0,male,32,0,0,C.A. 33111,10.5,,Southampton,,NA,"St Ives, Cornwall / Houghton, M"
2nd,1,female,23,0,0,SC/AH Basle 541,13.7917004,D,Cherbourg,11,NA,"New York, NY"
2nd,0,male,34,1,0,244367,26,,Southampton,,283,"Moscow / Bronx, NY"
2nd,1,female,24,1,0,244367,26,,Southampton,12,NA,"Moscow / Bronx, NY"
2nd,0,female,22,0,0,F.C.C. 13534,21,,Southampton,,NA,"India / Pittsburgh, PA"
2nd,1,female,NA,0,0,226593,12.3500004,E101,Queenstown,10,NA,"Harrisburg, PA"
2nd,0,male,35,0,0,233734,12.3500004,,Queenstown,,NA,
2nd,1,female,45,0,0,223596,13.5,,Southampton,9,NA,"London / New York, NY"
2nd,0,male,57,0,0,219533,12.3500004,,Queenstown,,NA,"Glasgow / Bangor, ME"
2nd,0,male,NA,0,0,239855,0,,Southampton,,NA,Belfast
2nd,0,male,31,0,0,C.A. 18723,10.5,,Southampton,,165,"Sweden / Arlington, NJ"
2nd,0,female,26,1,1,250651,26,,Southampton,,NA,"Minneapolis, MN"
2nd,0,male,30,1,1,250651,26,,Southampton,,NA,"Minneapolis, MN"
2nd,0,male,NA,0,0,240261,10.7082996,,Queenstown,,NA,
2nd,1,female,1,1,2,SC/Paris 2123,41.5792007,,Cherbourg,14,NA,Paris / Haiti
2nd,1,female,3,1,2,SC/Paris 2123,41.5792007,,Cherbourg,14,NA,Paris / Haiti
2nd,0,male,25,1,2,SC/Paris 2123,41.5792007,,Cherbourg,,NA,Paris / Haiti
2nd,1,female,22,1,2,SC/Paris 2123,41.5792007,,Cherbourg,14,NA,Paris / Haiti
2nd,1,female,17,0,0,SC 1748,12,,Cherbourg,12,NA,"Berne, Switzerland / Central Ci"
2nd,1,female,NA,0,0,248727,33,,Southampton,11,NA,"London / Chicago, IL"
2nd,1,female,34,0,0,C.A. 34260,10.5,F33,Southampton,14,NA,"Chicago, IL"
2nd,0,male,36,0,0,SC/Paris 2163,12.875,D,Cherbourg,,NA,"Montreal, PQ"
2nd,0,male,24,0,0,C.A. 29566,10.5,,Southampton,,108,
2nd,0,male,61,0,0,235509,12.3500004,,Queenstown,,NA,
2nd,0,male,50,1,0,SC/AH 3085,26,,Southampton,,121,"Weston-Super-Mare, Somerset"
2nd,1,female,42,1,0,SC/AH 3085,26,,Southampton,,NA,"Weston-Super-Mare, Somerset"
2nd,0,female,57,0,0,S.O./P.P. 3,10.5,E77,Southampton,,52,"Southampton / New York, NY"
2nd,0,male,NA,0,0,237735,15.0458002,D,Cherbourg,,NA,Paris
2nd,1,male,1,0,2,S.C./PARIS 2079,37.0042,,Cherbourg,10,NA,"Paris / Montreal, PQ"
2nd,0,male,31,1,1,S.C./PARIS 2079,37.0042,,Cherbourg,,NA,"Paris / Montreal, PQ"
2nd,1,female,24,1,1,S.C./PARIS 2079,37.0042,,Cherbourg,10,NA,"Paris / Montreal, PQ"
2nd,0,male,NA,0,0,SC/A.3 2861,15.5791998,,Cherbourg,,NA,"New York, NY"
2nd,0,male,30,0,0,28228,13,,Southampton,,NA,"St Austall, Cornwall"
2nd,0,male,40,0,0,239059,16,,Southampton,,NA,"Weston-Super-Mare / Moose Jaw,"
2nd,0,male,32,0,0,237216,13.5,,Southampton,,209,"Sydney, Australia"
2nd,0,male,30,0,0,233478,13,,Southampton,,NA,"Sarnia, ON"
2nd,0,male,46,0,0,28403,26,,Southampton,,NA,"Rochester, NY"
2nd,1,female,13,0,1,250644,19.5,,Southampton,14,NA,"England / Bennington, VT"
2nd,1,female,41,0,1,250644,19.5,,Southampton,14,NA,"England / Bennington, VT"
2nd,1,male,19,0,0,SW/PP 751,10.5,,Southampton,B,NA,"Chelsea, London"
2nd,0,male,39,0,0,248723,13,,Southampton,,NA,"Harrow-on-the-Hill, Middlesex"
2nd,0,male,48,0,0,234360,13,,Southampton,,271,"Copenhagen, Denmark"
2nd,0,male,70,0,0,C.A. 24580,10.5,,Southampton,,NA,"Guernsey / Montclair, NJ and/or"
2nd,0,male,27,0,0,211536,13,,Southampton,,NA,"Worcester, MA"
2nd,0,male,54,0,0,29011,14,,Southampton,,NA,"Frankfort, KY"
2nd,0,male,39,0,0,250655,26,,Southampton,,NA,
2nd,0,male,16,0,0,S.O./P.P. 3,10.5,,Southampton,,NA,"Halesworth, England"
2nd,0,male,62,0,0,240276,9.6875,,Queenstown,,NA,"Cambridge, MA"
2nd,0,male,32.5,1,0,237736,30.0708008,,Cherbourg,,43,"New York, NY"
2nd,1,female,14,1,0,237736,30.0708008,,Cherbourg,,NA,"New York, NY"
2nd,1,male,2,1,1,230080,26,F2,Southampton,D,NA,"Nice, France"
2nd,1,male,3,1,1,230080,26,F2,Southampton,D,NA,"Nice, France"
2nd,0,male,36.5,0,2,230080,26,F2,Southampton,,15,"Nice, France"
2nd,0,male,26,0,0,244368,13,F2,Southampton,,NA,"Boston, MA"
2nd,0,male,19,1,1,C.A. 33112,36.75,,Southampton,,101,"Cornwall / Hancock, MI"
2nd,0,male,28,0,0,218629,13.5,,Southampton,,287,Glasgow
2nd,1,male,20,0,0,SC/PARIS 2166,13.8625002,D38,Cherbourg,7,NA,"Cologne, Germany"
2nd,1,female,29,0,0,C.A. 29395,10.5,F33,Southampton,11,NA,"Folkstone, Kent / New York, NY"
2nd,0,male,39,0,0,28213,13,,Southampton,,NA,"Middleburg Heights, OH"
2nd,1,male,22,0,0,W./C. 14260,10.5,,Southampton,13,NA,"Pondersend, England / New Durha"
2nd,1,male,NA,0,0,SC/PARIS 2146,13.8625002,,Cherbourg,9,NA,"Spain / Havana, Cuba"
2nd,0,male,23,0,0,244278,10.5,,Southampton,,NA,"Hamilton, ON"
2nd,1,male,29,0,0,SC/PARIS 2147,13.8583002,,Cherbourg,9,NA,"Spain / Havana, Cuba"
2nd,0,male,28,0,0,SC 14888,10.5,,Southampton,,NA,"St Andrews, Guernsey"
2nd,0,male,NA,0,0,239853,0,,Southampton,,NA,Belfast
2nd,1,female,50,0,1,230433,26,,Southampton,12,NA,"Woodford County, KY"
2nd,0,male,19,0,0,28665,10.5,,Southampton,,NA,"Gunnislake, England / Butte, MT"
2nd,0,male,NA,0,0,SC/PARIS 2131,15.0500002,,Cherbourg,,NA,
2nd,0,male,41,0,0,237393,13,,Southampton,,NA,
2nd,1,female,21,0,1,S.O./P.P. 2,21,,Southampton,12,NA,"Ilfracombe, Devon"
2nd,1,female,19,0,0,250655,26,,Southampton,11,NA,"Worcester, England"
2nd,0,male,43,0,1,S.O./P.P. 2,21,,Southampton,,NA,"Ilfracombe, Devon"
2nd,1,female,32,0,0,234604,13,,Southampton,9,NA,Russia
2nd,0,male,34,0,0,250647,13,,Southampton,,NA,"Denmark / New York, NY"
2nd,1,male,30,0,0,C.A. 34644,12.7375002,,Cherbourg,14,NA,"Milford, NH"
2nd,0,male,27,0,0,SC/PARIS 2168,15.0333004,,Cherbourg,,NA,Paris
2nd,1,female,2,1,1,26360,26,,Southampton,11,NA,"Plymouth, Devon / Detroit, MI"
2nd,1,female,8,1,1,26360,26,,Southampton,11,NA,"Plymouth, Devon / Detroit, MI"
2nd,1,female,33,0,2,26360,26,,Southampton,11,NA,"Plymouth, Devon / Detroit, MI"
2nd,0,male,36,0,0,C.A. 17248,10.5,,Southampton,,NA,"Brighton, Sussex"
2nd,0,male,34,1,0,31027,21,,Southampton,12,NA,"Elizabeth, NJ"
2nd,1,female,30,3,0,31027,21,,Southampton,,NA,"Elizabeth, NJ"
2nd,1,female,28,0,0,230434,13,,Southampton,9,NA,Spain
2nd,0,male,23,0,0,SC/PARIS 2133,15.0458002,,Cherbourg,,NA,"Paris / Montreal, PQ"
2nd,1,male,0.833299994,1,1,29106,18.75,,Southampton,4,NA,"Cornwall / Akron, OH"
2nd,1,male,3,1,1,29106,18.75,,Southampton,4,NA,"Cornwall / Akron, OH"
2nd,1,female,24,2,3,29106,18.75,,Southampton,4,NA,"Cornwall / Akron, OH"
2nd,1,female,50,0,0,W./C. 14258,10.5,,Southampton,13,NA,"London, England / Marietta, Ohi"
2nd,0,male,19,0,0,28004,10.5,,Southampton,,NA,
2nd,1,female,21,0,0,C.A. 31026,10.5,,Southampton,12,NA,"Guernsey / Wilmington, DE"
2nd,0,male,26,0,0,248659,13,,Southampton,,NA,"Newark, NJ"
2nd,0,male,25,0,0,244361,13,,Southampton,,NA,Liverpool
2nd,0,male,27,0,0,244358,26,,Southampton,,NA,"Hornsey, England"
2nd,1,female,25,0,1,230433,26,,Southampton,12,NA,"Deer Lodge, MT"
2nd,1,female,18,0,2,250652,13,,Southampton,16,NA,"Finland / Minneapolis, MN"
2nd,1,female,20,0,0,C.A. 33112,36.75,,Southampton,11,NA,"Cornwall / Hancock, MI"
2nd,1,female,30,0,0,250648,13,,Southampton,10,NA,"Finland / Washington, DC"
2nd,0,male,59,0,0,237442,13.5,,Southampton,,NA,"Sault St Marie, ON"
2nd,1,female,30,0,0,234818,12.3500004,,Queenstown,13,NA,"Halifax, NS"
2nd,0,male,35,0,0,28206,10.5,,Southampton,,NA,Cornwall
2nd,1,female,40,0,0,31418,13,,Southampton,9,NA,
2nd,0,male,25,0,0,C.A. 29178,13,,Southampton,,NA,"Cornwall / Houghton, MI"
2nd,0,male,41,0,0,237734,15.0458002,,Cherbourg,,NA,"New York, NY"
2nd,0,male,25,0,0,F.C.C. 13540,10.5,,Southampton,,81,"Catford, Kent / Detroit, MI"
2nd,0,male,18.5,0,0,248734,13,F,Southampton,,294,
2nd,0,male,14,0,0,220845,65,,Southampton,,NA,"Somerset / Bernardsville, NJ"
2nd,1,female,50,0,0,F.C.C. 13531,10.5,,Southampton,9,NA,"Indianapolis, IN"
2nd,0,male,23,0,0,233639,13,,Southampton,,NA,
2nd,1,female,28,0,0,240929,12.6499996,,Southampton,,NA,"Columbus, OH"
2nd,1,female,27,0,0,34218,10.5,E101,Southampton,16,NA,"Bath, England / Massachusetts"
2nd,0,male,29,1,0,11668,21,,Southampton,,NA,"Plymouth, England"
2nd,0,female,27,1,0,11668,21,,Southampton,,NA,"Plymouth, England"
2nd,0,male,40,0,0,28221,13,,Southampton,,NA,"Barre, Co Washington, VT"
2nd,1,female,31,0,0,F.C.C. 13528,21,,Southampton,14,NA,"Mamaroneck, NY"
2nd,0,male,30,1,0,CA 31352,21,,Southampton,,NA,"Bristol, England / New Britain,"
2nd,0,male,23,1,0,28666,10.5,,Southampton,,NA,
2nd,1,female,31,0,0,CA 31352,21,,Southampton,10,NA,"Bristol, England / New Britain,"
2nd,0,male,NA,0,0,239856,0,,Southampton,,NA,Belfast
2nd,1,female,12,0,0,C.A. 33595,15.75,,Southampton,9,NA,"Aberdeen / Portland, OR"
2nd,1,female,40,0,0,C.A. 33595,15.75,,Southampton,9,NA,"Aberdeen / Portland, OR"
2nd,1,female,32.5,0,0,27267,13,E101,Southampton,12,NA,"England / Hartford, CT"
2nd,0,male,27,1,0,228414,26,,Southampton,,293,"Bromsgrove, England / Montreal,"
2nd,1,female,29,1,0,228414,26,,Southampton,10,NA,"Bromsgrove, England / Montreal,"
2nd,1,male,2,1,1,29103,23,,Southampton,14,NA,"Cornwall / Akron, OH"
2nd,1,female,4,1,1,29103,23,,Southampton,14,NA,"Cornwall / Akron, OH"
2nd,1,female,29,0,2,29103,23,,Southampton,14,NA,"Cornwall / Akron, OH"
2nd,1,female,0.916700006,1,2,C.A. 34651,27.75,,Southampton,10,NA,"Bournmouth, England"
2nd,1,female,5,1,2,C.A. 34651,27.75,,Southampton,10,NA,"Bournmouth, England"
2nd,0,male,36,1,2,C.A. 34651,27.75,,Southampton,,NA,"Bournmouth, England"
2nd,1,female,33,1,2,C.A. 34651,27.75,,Southampton,10,NA,"Bournmouth, England"
2nd,0,male,66,0,0,C.A. 24579,10.5,,Southampton,,NA,"Guernsey, England / Edgewood, R"
2nd,0,male,NA,0,0,SC/PARIS 2159,12.875,,Southampton,,NA,
2nd,1,male,31,0,0,244270,13,,Southampton,9,NA,"London, England"
2nd,1,male,NA,0,0,244373,13,,Southampton,14,NA,"Harrow, England"
2nd,1,female,26,0,0,220844,13.5,,Southampton,9,NA,"Yoevil, England / Cottage Grove"
2nd,0,female,24,0,0,248747,13,,Southampton,,NA,Paris
3rd,0,male,42,0,0,C.A. 5547,7.55000019,,Southampton,,NA,
3rd,0,male,13,0,2,C.A. 2673,20.25,,Southampton,,NA,"East Providence, RI"
3rd,0,male,16,1,1,C.A. 2673,20.25,,Southampton,,190,"East Providence, RI"
3rd,1,female,35,1,1,C.A. 2673,20.25,,Southampton,A,NA,"East Providence, RI"
3rd,1,female,16,0,0,348125,7.6500001,,Southampton,16,NA,"Norway Los Angeles, CA"
3rd,1,male,25,0,0,348122,7.6500001,F G63,Southampton,A,NA,"Perkins County, SD"
3rd,1,male,20,0,0,SOTON/O2 3101284,7.92500019,,Southampton,15,NA,"Taalintehdas, Finland Hoboken,"
3rd,1,female,18,0,0,2657,7.22919989,,Cherbourg,C,NA,"Greensburg, PA"
3rd,0,male,30,0,0,C 7076,7.25,,Southampton,,72,"Asarum, Sweden Brooklyn, NY"
3rd,0,male,26,0,0,341826,8.05000019,,Southampton,,103,"Bournemouth, England"
3rd,0,female,40,1,0,7546,9.47500038,,Southampton,,NA,"Sweden Akeley, MN"
3rd,1,male,0.833299994,0,1,392091,9.35000038,,Southampton,11,NA,"London, England Norfolk, VA"
3rd,1,female,18,0,1,392091,9.35000038,,Southampton,13,NA,"London, England Norfolk, VA"
3rd,1,male,26,0,0,2699,18.7875004,,Cherbourg,15,NA,"Syria Fredericksburg, VA"
3rd,0,male,26,0,0,3474,7.88749981,,Southampton,,NA,"England Albion, NY"
3rd,0,male,20,0,0,SOTON/O2 3101287,7.92500019,,Southampton,,NA,"Salo, Finland Astoria, OR"
3rd,0,male,24,0,0,SOTON/O.Q. 3101311,7.05000019,,Southampton,,NA,
3rd,0,male,25,0,0,SOTON/O.Q. 3101312,7.05000019,,Southampton,,79,Argentina
3rd,0,male,35,0,0,373450,8.05000019,,Southampton,,NA,"Lower Clapton, Middlesex or Erd"
3rd,0,male,18,0,0,2223,8.30000019,,Southampton,,259,"Windsor, England New York, NY"
3rd,0,male,32,0,0,C 4001,22.5249996,,Southampton,,260,"Bergen, Norway"
3rd,1,female,19,1,0,350046,7.85419989,,Southampton,16,NA,
3rd,0,male,4,4,2,347082,31.2749996,,Southampton,,NA,"Sweden Winnipeg, MN"
3rd,0,female,6,4,2,347082,31.2749996,,Southampton,,NA,"Sweden Winnipeg, MN"
3rd,0,female,2,4,2,347082,31.2749996,,Southampton,,NA,"Sweden Winnipeg, MN"
3rd,1,female,17,4,2,3101281,7.92500019,,Southampton,D,NA,"Ruotsinphyhtaa, Finland New Yor"
3rd,0,female,38,4,2,347091,7.7750001,,Southampton,,NA,"Vadsbro, Sweden Ministee, MI"
3rd,0,female,9,4,2,347082,31.2749996,,Southampton,,NA,"Sweden Winnipeg, MN"
3rd,0,female,11,4,2,347082,31.2749996,,Southampton,,NA,"Sweden Winnipeg, MN"
3rd,0,male,39,1,5,347082,31.2749996,,Southampton,,NA,"Sweden Winnipeg, MN"
3rd,1,male,27,0,0,350043,7.79580021,,Southampton,A,NA,
3rd,0,male,26,0,0,347075,7.7750001,,Southampton,,NA,"Hartford, CT"
3rd,0,female,39,1,5,347082,31.2749996,,Southampton,,NA,"Sweden Winnipeg, MN"
3rd,0,male,20,0,0,347466,7.85419989,,Southampton,,NA,"Sweden Chicago, IL"
3rd,0,male,26,0,0,349202,7.89580011,,Southampton,,NA,"Bulgaria Chicago, IL"
3rd,0,male,25,1,0,349237,17.7999992,,Southampton,,NA,"Altdorf, Switzerland"
3rd,0,female,18,1,0,349237,17.7999992,,Southampton,,NA,"Altdorf, Switzerland"
3rd,0,male,24,0,0,349911,7.7750001,,Southampton,,NA,"Sweden Joliet, IL"
3rd,0,male,35,0,0,SOTON/O.Q. 3101310,7.05000019,,Southampton,,NA,
3rd,0,male,5,4,2,347077,31.3875008,,Southampton,,NA,"Sweden  Worcester, MA"
3rd,0,male,9,4,2,347077,31.3875008,,Southampton,,NA,"Sweden Worcester, MA"
3rd,1,male,3,4,2,347077,31.3875008,,Southampton,15,NA,"Sweden Worcester, MA"
3rd,0,male,13,4,2,347077,31.3875008,,Southampton,,NA,"Sweden Worcester, MA"
3rd,1,female,5,4,2,347077,31.3875008,,Southampton,15,NA,"Sweden Worcester, MA"
3rd,0,male,40,1,5,347077,31.3875008,,Southampton,,142,"Sweden  Worcester, MA"
3rd,1,male,23,0,0,350054,7.79580021,,Southampton,13,NA,"Oskarshamn, Sweden Minneapolis,"
3rd,1,female,38,1,5,347077,31.3875008,,Southampton,15,NA,"Sweden  Worcester, MA"
3rd,1,female,45,0,0,2696,7.2249999,,Cherbourg,C,NA,"Ottawa, ON"
3rd,0,male,21,0,0,2692,7.2249999,,Cherbourg,,NA,"Ottawa, ON"
3rd,0,male,23,0,0,SOTON/O.Q. 3101309,7.05000019,,Southampton,,NA,
3rd,0,female,17,0,0,2627,14.4582996,,Cherbourg,,NA,
3rd,0,male,30,0,0,2694,7.2249999,,Cherbourg,,NA,"Ottawa, ON"
3rd,0,male,23,0,0,347468,7.85419989,,Southampton,,NA,"Krakoryd, Sweden Bloomington, I"
3rd,1,female,13,0,0,2687,7.22919989,,Cherbourg,C,NA,"Syria Youngstown, OH"
3rd,0,male,20,0,0,2679,7.2249999,,Cherbourg,,NA,
3rd,0,male,32,1,0,3101278,15.8500004,,Southampton,D,NA,"Ruotsinphytaa, Finland New York"
3rd,1,female,33,3,0,3101278,15.8500004,,Southampton,,NA,"Ruotsinphytaa, Finland New York"
3rd,1,female,0.75,2,1,2666,19.2583008,,Cherbourg,C,NA,"Syria New York, NY"
3rd,1,female,0.75,2,1,2666,19.2583008,,Cherbourg,C,NA,"Syria New York, NY"
3rd,1,female,5,2,1,2666,19.2583008,,Cherbourg,C,NA,"Syria New York, NY"
3rd,1,female,24,0,3,2666,19.2583008,,Cherbourg,C,NA,"Syria New York, NY"
3rd,1,female,18,0,0,A/4 31416,8.05000019,,Southampton,C,NA,"London Skanteales, NY"
3rd,0,male,40,0,0,2623,7.2249999,,Cherbourg,,NA,
3rd,0,male,26,0,0,349248,7.89580011,,Southampton,,NA,
3rd,1,male,20,0,0,2663,7.22919989,,Cherbourg,15,NA,
3rd,0,female,18,0,1,2691,14.4541998,,Cherbourg,,NA,"Syria Ottawa, ON"
3rd,0,female,45,0,1,2691,14.4541998,,Cherbourg,,NA,"Syria Ottawa, ON"
3rd,0,female,27,0,0,330844,7.87919998,,Queenstown,,NA,"New York, NY"
3rd,0,male,22,0,0,324669,8.05000019,,Southampton,,NA,"England New York, NY"
3rd,0,male,19,0,0,323951,8.05000019,,Southampton,,NA,England
3rd,0,male,26,0,0,347068,7.7750001,,Southampton,,NA,"Krakudden, Sweden Moune, IL"
3rd,0,male,22,0,0,PP 4348,9.35000038,,Southampton,,NA,"Tranvik, Finland New York"
3rd,0,male,NA,0,0,2622,7.22919989,,Cherbourg,,NA,
3rd,0,male,20,0,0,2648,4.01249981,,Cherbourg,,NA,Syria
3rd,1,male,32,0,0,1601,56.4958,,Southampton,C,NA,"Hong Kong New York, NY"
3rd,0,male,21,0,0,312992,7.7750001,,Southampton,,NA,"Brennes, Norway New York"
3rd,0,male,18,0,0,347090,7.75,,Southampton,,NA,"Stockholm, Sweden New York"
3rd,0,male,26,0,0,349224,7.89580011,,Southampton,,NA,"Bulgaria Chicago, IL"
3rd,0,male,6,1,1,2678,15.2458,,Cherbourg,,NA,"Syria Kent, ON"
3rd,0,female,9,1,1,2678,15.2458,,Cherbourg,,NA,"Syria Kent, ON"
3rd,0,male,NA,0,0,2664,7.2249999,,Cherbourg,,NA,Syria
3rd,0,female,NA,0,2,2678,15.2458,,Cherbourg,,NA,"Syria Kent, ON"
3rd,0,female,NA,0,2,364848,7.75,,Queenstown,,NA,"Ireland Chicago, IL"
3rd,0,male,40,1,1,364849,15.5,,Queenstown,,NA,"Ireland Chicago, IL"
3rd,0,female,32,1,1,364849,15.5,,Queenstown,,NA,"Ireland Chicago, IL"
3rd,0,male,21,0,0,54636,16.1000004,,Southampton,,NA,"Treherbert, Cardiff, Wales"
3rd,1,female,22,0,0,334914,7.7249999,,Queenstown,13,NA,"Kingwilliamstown, Co Cork, Irel"
3rd,0,female,20,0,0,347471,7.85419989,,Southampton,,NA,"Medeltorp, Sweden Chicago, IL"
3rd,0,male,29,1,0,3460,7.04580021,,Southampton,,NA,"Bridgerule, Devon"
3rd,0,male,22,1,0,A/5 21171,7.25,,Southampton,,NA,"Bridgerule, Devon"
3rd,0,male,22,0,0,350045,7.79580021,,Southampton,,NA,"Sweden Worcester, MA"
3rd,0,male,35,0,0,364512,8.05000019,,Southampton,,NA,"Broomfield, Chelmsford, England"
3rd,0,female,18.5,0,0,329944,7.28329992,,Queenstown,,299,"Co Cork, Ireland Roxbury, MA"
3rd,1,male,21,0,0,330920,7.82079983,,Queenstown,13,NA,"Kingwilliamstown, Co Cork, Irel"
3rd,0,male,19,0,0,365222,6.75,,Queenstown,,NA,"Co Cork, Ireland Charlestown, M"
3rd,0,female,18,0,0,330963,7.87919998,,Queenstown,,NA,"Co Sligo, Ireland New York, NY"
3rd,0,female,21,0,0,315087,8.66250038,,Southampton,,NA,
3rd,0,female,30,0,0,315084,8.66250038,,Southampton,,NA,
3rd,0,male,18,0,0,315091,8.66250038,,Southampton,,NA,
3rd,0,male,38,0,0,315089,8.66250038,,Southampton,,NA,Croatia
3rd,0,male,17,0,0,315093,8.66250038,,Southampton,,NA,
3rd,0,male,17,0,0,315086,8.66250038,,Southampton,,NA,
3rd,0,female,21,0,0,364846,7.75,,Queenstown,,NA,
3rd,0,male,21,0,0,364858,7.75,,Queenstown,,NA,"Ireland Philadelphia, PA"
3rd,0,male,21,0,0,A./5. 2152,8.05000019,,Southampton,,NA,
3rd,0,male,NA,1,0,2689,14.4582996,,Cherbourg,,NA,"Ottawa, ON"
3rd,0,female,NA,1,0,2689,14.4582996,,Cherbourg,,NA,"Ottawa, ON"
3rd,0,male,28,0,0,350042,7.79580021,,Southampton,,NA,"Dagsas, Sweden Fower, MN"
3rd,0,male,24,0,0,350409,7.85419989,,Southampton,,NA,"Goteborg, Sweden Huntley, IL"
3rd,1,female,16,0,0,367231,7.75,,Queenstown,16,NA,"Co Longford, Ireland New York,"
3rd,0,female,37,0,0,368364,7.75,,Queenstown,,NA,"Co Sligo, Ireland Hartford, CT"
3rd,0,male,28,0,0,392095,7.25,,Southampton,,NA,"St Denys, Southampton, Hants"
3rd,0,male,24,0,0,343275,8.05000019,,Southampton,,NA,London
3rd,0,male,21,0,0,A/5. 13032,7.73330021,,Queenstown,,NA,"Ireland New York, NY"
3rd,1,male,32,0,0,1601,56.4958,,Southampton,C,NA,"Hong Kong New York, NY"
3rd,0,male,29,0,0,343276,8.05000019,,Southampton,,NA,
3rd,0,male,26,1,0,2680,14.4541998,,Cherbourg,,NA,Greece
3rd,0,male,18,1,0,2680,14.4541998,,Cherbourg,,NA,Greece
3rd,0,male,20,0,0,SOTON/O.Q. 3101307,7.05000019,,Southampton,,NA,Portugal
3rd,1,male,18,0,0,A/5 3540,8.05000019,,Southampton,12,NA,"London Brooklyn, NY"
3rd,0,male,24,0,0,371109,7.25,,Queenstown,,NA,"Co Limerick, Ireland Sherbrooke"
3rd,0,male,36,0,0,349210,7.49580002,,Southampton,,NA,"Bulgaria Chicago, IL"
3rd,0,male,24,0,0,349209,7.49580002,,Southampton,,NA,
3rd,0,male,31,0,0,21332,7.73330021,,Queenstown,,NA,"Philadelphia, PA"
3rd,0,male,31,0,0,335097,7.75,,Queenstown,,NA,"Ireland Brooklyn, NY"
3rd,1,female,22,0,0,370373,7.75,,Queenstown,13,NA,Ireland
3rd,0,female,30,0,0,330972,7.62919998,,Queenstown,,NA,Ireland
3rd,0,male,70.5,0,0,370369,7.75,,Queenstown,,171,
3rd,0,male,43,0,0,A/5 3536,8.05000019,,Southampton,,NA,
3rd,0,male,35,0,0,349230,7.89580011,,Southampton,,NA,Austria
3rd,0,male,27,0,0,349229,7.89580011,,Southampton,,NA,Austria
3rd,0,male,19,0,0,349231,7.89580011,,Southampton,,NA,Austria
3rd,0,male,30,0,0,SOTON/OQ 392090,8.05000019,,Southampton,,NA,London
3rd,1,male,9,1,1,C.A. 37671,15.8999996,,Southampton,2,NA,"England Brooklyn, NY"
3rd,1,male,3,1,1,C.A. 37671,15.8999996,,Southampton,2,NA,"England Brooklyn, NY"
3rd,1,female,36,0,2,C.A. 37671,15.8999996,,Southampton,2,NA,"England Brooklyn, NY"
3rd,0,male,59,0,0,364500,7.25,,Southampton,,NA,"Merrill, WI"
3rd,0,male,19,0,0,S.P. 3464,8.1583004,,Southampton,,NA,"Bristol, England Cleveland, OH"
3rd,1,female,17,0,1,371362,16.1000004,,Southampton,12,NA,"Bournemouth, England Newark, NJ"
3rd,0,male,44,0,1,371362,16.1000004,,Southampton,,NA,"Bournemouth, England Newark, NJ"
3rd,0,male,17,0,0,315090,8.66250038,,Southampton,,NA,Austria-Hungary
3rd,0,male,22.5,0,0,2698,7.2249999,,Cherbourg,,9,
3rd,1,male,45,0,0,7598,8.05000019,,Southampton,15,NA,"Australia Fingal, ND"
3rd,0,female,22,0,0,7552,10.5166998,,Southampton,,NA,"Norrlot, Sweden Chicago, IL"
3rd,0,male,19,0,0,349228,10.1708002,,Southampton,,NA,Austria
3rd,1,female,30,0,0,382650,6.94999981,,Queenstown,15,NA,"Co Athlone, Ireland New York, N"
3rd,1,male,29,0,0,382651,7.75,,Queenstown,13 15 B,NA,"Co Athlone, Ireland New York, N"
3rd,0,male,0.333299994,0,2,347080,14.3999996,,Southampton,,NA,"Stanton, IA"
3rd,0,male,34,1,1,347080,14.3999996,,Southampton,,197,"Stanton, IA"
3rd,0,female,28,1,1,347080,14.3999996,,Southampton,,NA,"Stanton, IA"
3rd,0,male,27,0,0,349219,7.89580011,,Southampton,,NA,"Bulgaria Chicago, IL"
3rd,0,male,25,0,0,349203,7.89580011,,Southampton,,NA,"Bulgaria Chicago, IL"
3rd,0,male,24,2,0,A/4 48871,24.1499996,,Southampton,,NA,"West Bromwich, England Pontiac,"
3rd,0,male,22,0,0,SC/A4 23568,8.05000019,,Southampton,,NA,
3rd,0,male,21,2,0,A/4 48871,24.1499996,,Southampton,,NA,"West Bromwich, England Pontiac,"
3rd,0,male,17,2,0,A/4 48873,8.05000019,,Southampton,,NA,"West Bromwich, England Pontiac,"
3rd,0,male,NA,1,0,386525,16.1000004,,Southampton,,NA,"Liverpool, England Bedford, OH"
3rd,1,female,NA,1,0,386525,16.1000004,,Southampton,16,NA,"Liverpool, England Bedford, OH"
3rd,1,male,36.5,1,0,345572,17.3999996,,Southampton,15,NA,"Tampico, MT"
3rd,1,female,36,1,0,345572,17.3999996,,Southampton,13,NA,"Tampico, MT"
3rd,1,male,30,0,0,345774,9.5,,Southampton,11,NA,"Belgium Detroit, MI"
3rd,0,male,16,0,0,345778,9.5,,Southampton,,NA,
3rd,1,male,1,1,2,C.A. 2315,20.5750008,,Southampton,10,NA,"Devon, England Wichita, KS"
3rd,1,female,0.166700006,1,2,C.A. 2315,20.5750008,,Southampton,10,NA,"Devon, England Wichita, KS"
3rd,0,male,26,1,2,C.A. 2315,20.5750008,,Southampton,,NA,"Devon, England Wichita, KS"
3rd,1,female,33,1,2,C.A. 2315,20.5750008,,Southampton,10,NA,"Devon, England Wichita, KS"
3rd,0,male,25,0,0,349250,7.89580011,,Southampton,,NA,
3rd,0,male,NA,0,0,349238,7.89580011,,Southampton,,NA,
3rd,0,male,NA,0,0,349225,7.89580011,,Southampton,,NA,"Bulgaria Coon Rapids, IA"
3rd,0,male,22,0,0,A/5 21172,7.25,,Southampton,,NA,
3rd,0,male,36,0,0,A/5 21175,7.25,,Southampton,,NA,
3rd,1,female,19,0,0,330958,7.87919998,,Queenstown,C,NA,"Kilmacowen, Co Sligo, Ireland N"
3rd,0,male,17,0,0,349232,7.89580011,,Southampton,,NA,
3rd,0,male,42,0,0,315088,8.66250038,,Southampton,,NA,
3rd,0,male,43,0,0,349226,7.89580011,,Southampton,,NA,
3rd,0,male,NA,0,0,2686,7.22919989,,Cherbourg,,NA,
3rd,0,male,32,0,0,370376,7.75,,Queenstown,,NA,"Ireland New York, NY"
3rd,1,male,19,0,0,A/5. 10482,8.05000019,,Southampton,B,NA,"England Oglesby, IL"
3rd,1,female,30,0,0,364516,12.4750004,,Southampton,13,NA,"Union Hill, NJ"
3rd,0,female,24,0,0,368702,7.75,,Queenstown,,NA,"Ireland New York, NY"
3rd,1,female,23,0,0,SOTON/OQ 392083,8.05000019,,Southampton,,NA,"London New York, NY"
3rd,0,male,33,0,0,349241,7.89580011,,Cherbourg,,51,"Austria Niagara Falls, NY"
3rd,0,male,65,0,0,336439,7.75,,Queenstown,,NA,
3rd,1,male,24,0,0,S.O./P.P. 752,7.55000019,,Southampton,D,NA,"England Albion, NY"
3rd,0,male,23,1,0,347072,13.8999996,,Southampton,,NA,"West Haven, CT"
3rd,1,female,22,1,0,347072,13.8999996,,Southampton,16,NA,"West Haven, CT"
3rd,0,male,18,0,0,349912,7.7750001,,Southampton,,NA,"Tofta, Sweden Joliet, IL"
3rd,0,male,16,0,0,347074,7.7750001,,Southampton,,NA,"Karberg, Sweden Jerome Junction"
3rd,0,male,45,0,0,347061,6.9749999,,Southampton,,NA,"Effington Rut, SD"
3rd,0,male,NA,0,0,2674,7.2249999,,Cherbourg,,NA,
3rd,0,male,39,0,2,2675,7.22919989,,Cherbourg,,NA,"Syria Ottawa, ON"
3rd,0,male,17,1,1,2690,7.22919989,,Cherbourg,,NA,
3rd,0,male,15,1,1,2695,7.22919989,,Cherbourg,,NA,Syria
3rd,0,male,47,0,0,A/5 3902,7.25,,Southampton,,NA,"Illinois, USA"
3rd,1,female,5,0,0,364516,12.4750004,,Southampton,13,NA,"New York, NY"
3rd,0,male,NA,0,0,2631,7.2249999,,Cherbourg,,NA,
3rd,0,male,40.5,0,0,C.A. 6212,15.1000004,,Southampton,,187,
3rd,0,male,40.5,0,0,367232,7.75,,Queenstown,,68,"Aughnacliff, Co Longford, Irela"
3rd,1,male,NA,0,0,SOTON/O.Q. 3101308,7.05000019,,Southampton,15,NA,"Italy Philadelphia, PA"
3rd,0,male,18,0,0,350036,7.79580021,,Southampton,,NA,
3rd,0,female,NA,0,0,364859,7.75,,Queenstown,,NA,
3rd,0,male,NA,0,0,364851,7.75,,Queenstown,,NA,
3rd,0,male,NA,0,0,368323,6.94999981,,Queenstown,,NA,
3rd,0,male,26,0,0,330910,7.87919998,,Queenstown,,NA,"Ireland Chicago, IL"
3rd,0,male,NA,0,0,365235,7.75,,Queenstown,,NA,Ireland
3rd,1,male,NA,0,0,1601,56.4958,,Southampton,13,NA,"Hong Kong New York, NY"
3rd,0,female,21,2,2,W./C. 6608,34.375,,Southampton,,NA,"Rotherfield, Sussex, England Es"
3rd,0,female,9,2,2,W./C. 6608,34.375,,Southampton,,NA,"Rotherfield, Sussex, England Es"
3rd,0,male,NA,0,0,A/5 1478,8.05000019,,Southampton,,NA,"Bridgwater, Somerset, England"
3rd,0,male,18,2,2,W./C. 6608,34.375,,Southampton,,NA,"Rotherfield, Sussex, England Es"
3rd,0,male,16,1,3,W./C. 6608,34.375,,Southampton,,NA,"Rotherfield, Sussex, England Es"
3rd,0,female,48,1,3,W./C. 6608,34.375,,Southampton,,NA,"Rotherfield, Sussex, England Es"
3rd,0,male,NA,0,0,368573,7.75,,Queenstown,,NA,"Ireland New York, NY"
3rd,0,male,NA,0,0,SOTON/O.Q. 3101314,7.25,,Southampton,,NA,
3rd,0,male,25,0,0,36864,7.74170017,,Queenstown,,NA,"New York, NY"
3rd,0,male,NA,0,0,358585,14.5,,Southampton,,NA,
3rd,0,male,NA,0,0,349254,7.89580011,,Cherbourg,,NA,
3rd,0,male,22,0,0,14973,8.05000019,,Southampton,,47,
3rd,1,female,16,0,0,35851,7.73330021,,Queenstown,16,NA,"Co Longford, Ireland New York,"
3rd,1,female,NA,0,0,335677,7.75,,Queenstown,13,NA,"Co Clare, Ireland Washington, D"
3rd,1,male,9,0,2,363291,20.5249996,,Southampton,C D,NA,"Strood, Kent, England Detroit,"
3rd,0,male,33,1,1,363291,20.5249996,,Southampton,,NA,"Strood, Kent, England Detroit,"
3rd,0,male,41,0,0,SOTON/O.Q. 3101263,7.8499999,,Southampton,,NA,"Philadelphia, PA"
3rd,1,female,31,1,1,363291,20.5249996,,Southampton,C D,NA,"Strood, Kent, England Detroit,"
3rd,0,male,38,0,0,SOTON/O.Q. 3101306,7.05000019,,Southampton,,NA,Portugal
3rd,0,male,9,5,2,CA 2144,46.9000015,,Southampton,,NA,"Wiltshire, England Niagara Fall"
3rd,0,male,1,5,2,CA 2144,46.9000015,,Southampton,,NA,"Wiltshire, England Niagara Fall"
3rd,0,male,11,5,2,CA 2144,46.9000015,,Southampton,,NA,"Wiltshire, England Niagara Fall"
3rd,0,female,10,5,2,CA 2144,46.9000015,,Southampton,,NA,"Wiltshire, England Niagara Fall"
3rd,0,female,16,5,2,CA 2144,46.9000015,,Southampton,,NA,"Wiltshire, England Niagara Fall"
3rd,0,male,14,5,2,CA 2144,46.9000015,,Southampton,,NA,"Wiltshire, England Niagara Fall"
3rd,0,male,40,1,6,CA 2144,46.9000015,,Southampton,,NA,"Wiltshire, England Niagara Fall"
3rd,0,female,43,1,6,CA 2144,46.9000015,,Southampton,,NA,"Wiltshire, England Niagara Fall"
3rd,0,male,51,0,0,21440,8.05000019,,Southampton,,NA,"Dorking, Surrey, England"
3rd,0,male,32,0,0,8471,8.36250019,,Southampton,,NA,"Foresvik, Norway Portland, ND"
3rd,0,male,NA,0,0,376563,8.05000019,,Southampton,,NA,
3rd,0,male,20,0,0,7534,9.8458004,,Southampton,,NA,"Waukegan, Chicago, IL"
3rd,0,male,37,2,0,3101276,7.92500019,,Southampton,,98,"Ruotsinphytaa, Finland New York"
3rd,0,male,28,2,0,3101277,7.92500019,,Southampton,,NA,"Ruotsinphytaa, Finland New York"
3rd,0,male,19,0,0,347069,7.7750001,,Southampton,,NA,"Myren, Sweden New York, NY"
3rd,0,female,24,0,0,349236,8.85000038,,Southampton,,NA,
3rd,0,female,17,0,0,AQ/3. 30631,7.73330021,,Queenstown,,NA,
3rd,0,male,NA,1,0,65303,19.9666996,,Southampton,,NA,
3rd,0,male,NA,1,0,65304,19.9666996,,Southampton,,NA,
3rd,0,male,28,1,0,STON/O2. 3101279,15.8500004,,Southampton,,NA,
3rd,1,female,24,1,0,STON/O2. 3101279,15.8500004,,Southampton,15,NA,
3rd,0,male,20,0,0,345769,9.5,,Southampton,,NA,
3rd,0,male,23.5,0,0,2693,7.22919989,,Cherbourg,,188,
3rd,0,male,41,2,0,350026,14.1083002,,Southampton,,NA,
3rd,0,male,26,1,0,350025,7.85419989,,Southampton,,NA,
3rd,0,male,21,0,0,350029,7.85419989,,Southampton,,69,
3rd,1,female,45,1,0,350026,14.1083002,,Southampton,11,NA,
3rd,0,female,NA,0,0,W./C. 6609,7.55000019,,Southampton,,NA,
3rd,0,male,25,0,0,374887,7.25,,Southampton,B,NA,
3rd,0,male,NA,0,0,394140,6.85830021,,Queenstown,,NA,
3rd,0,male,11,0,0,2699,18.7875004,,Cherbourg,,NA,
3rd,1,female,NA,0,0,370375,7.75,,Queenstown,16,NA,
3rd,1,male,27,0,0,347089,6.9749999,,Southampton,15,NA,
3rd,1,male,NA,0,0,1601,56.4958,,Southampton,C,NA,
3rd,0,female,18,0,0,365226,6.75,,Queenstown,,NA,
3rd,1,female,26,0,0,STON/O2. 3101282,7.92500019,,Southampton,,NA,
3rd,0,female,23,0,0,STON/O2. 3101290,7.92500019,,Southampton,,NA,
3rd,1,female,22,0,0,7548,8.96249962,,Southampton,C,NA,
3rd,0,male,28,0,0,349243,7.89580011,,Southampton,,306,
3rd,0,female,28,0,0,347086,7.7750001,,Southampton,,NA,
3rd,0,female,NA,0,0,382649,7.75,,Queenstown,,NA,
3rd,1,female,2,0,1,3101298,12.2875004,,Southampton,15,NA,
3rd,1,female,22,1,1,3101298,12.2875004,,Southampton,15,NA,
3rd,0,male,43,0,0,C 7075,6.44999981,,Southampton,,NA,
3rd,0,male,28,0,0,C 4001,22.5249996,,Southampton,,NA,
3rd,1,female,27,0,0,STON/O2. 3101283,7.92500019,,Southampton,,NA,
3rd,0,male,NA,0,0,370377,7.75,,Queenstown,,NA,
3rd,1,female,NA,0,0,A. 2. 39186,8.05000019,,Southampton,C,NA,
3rd,0,male,42,0,0,348121,7.6500001,F G63,Southampton,,120,
3rd,1,male,NA,0,0,3470,7.88749981,,Southampton,C,NA,
3rd,0,male,30,0,0,2685,7.22919989,,Cherbourg,,NA,
3rd,0,male,NA,0,0,349220,7.89580011,,Southampton,,NA,
3rd,0,female,27,1,0,STON/O2. 3101270,7.92500019,,Southampton,,NA,
3rd,0,female,25,1,0,STON/O2. 3101271,7.92500019,,Southampton,,NA,
3rd,0,male,NA,0,0,349201,7.89580011,,Southampton,,NA,
3rd,1,male,29,0,0,349240,7.89580011,,Cherbourg,15,NA,
3rd,1,male,21,0,0,350034,7.79580021,,Southampton,A,NA,
3rd,0,male,NA,0,0,SOTON/O.Q. 3101305,7.05000019,,Southampton,,NA,
3rd,0,male,20,0,0,350050,7.85419989,,Southampton,,NA,
3rd,0,male,48,0,0,350047,7.85419989,,Southampton,,NA,
3rd,0,male,17,1,0,350048,7.05420017,,Southampton,,NA,
3rd,1,female,NA,0,0,14313,7.75,,Queenstown,D,NA,
3rd,1,male,NA,0,0,65306,8.11250019,,Southampton,13,NA,
3rd,0,male,34,0,0,3101264,6.49580002,,Southampton,,143,
3rd,1,male,26,0,0,347070,7.7750001,,Southampton,15,NA,
3rd,0,male,22,0,0,350052,7.79580021,,Southampton,,156,
3rd,0,male,33,0,0,7540,8.6541996,,Southampton,,285,
3rd,0,male,31,0,0,347063,7.7750001,,Southampton,,NA,
3rd,0,male,29,0,0,347467,7.85419989,,Southampton,,NA,
3rd,1,male,4,1,1,347742,11.1332998,,Southampton,15,NA,
3rd,1,female,1,1,1,347742,11.1332998,,Southampton,15,NA,
3rd,0,male,49,0,0,LINE,0,,Southampton,,NA,
3rd,0,male,33,0,0,347062,7.7750001,,Southampton,,37,
3rd,0,male,19,0,0,LINE,0,,Southampton,,NA,
3rd,1,female,27,0,2,347742,11.1332998,,Southampton,15,NA,
3rd,0,male,NA,1,2,W./C. 6607,23.4500008,,Southampton,,NA,
3rd,0,female,NA,1,2,W./C. 6607,23.4500008,,Southampton,,NA,
3rd,0,male,NA,1,2,W./C. 6607,23.4500008,,Southampton,,NA,
3rd,0,female,NA,1,2,W./C. 6607,23.4500008,,Southampton,,NA,
3rd,0,male,23,0,0,349204,7.89580011,,Southampton,,NA,
3rd,1,male,32,0,0,350417,7.85419989,,Southampton,15,NA,
3rd,0,male,27,0,0,350408,7.85419989,,Southampton,,NA,
3rd,0,female,20,1,0,4136,9.82499981,,Southampton,,NA,
3rd,0,female,21,1,0,4137,9.82499981,,Southampton,,NA,
3rd,1,male,32,0,0,STON/O 2. 3101286,7.92500019,,Southampton,15,NA,
3rd,0,male,17,0,0,STON/O 2. 3101274,7.125,,Southampton,,NA,
3rd,0,male,21,0,0,8475,8.43330002,,Southampton,,NA,
3rd,0,male,30,0,0,349246,7.89580011,,Southampton,,NA,
3rd,1,male,21,0,0,350053,7.79580021,,Southampton,13,NA,
3rd,0,male,33,0,0,347465,7.85419989,,Southampton,,NA,
3rd,0,male,22,0,0,350060,7.52080011,,Southampton,,NA,
3rd,1,female,4,0,1,349256,13.4167004,,Cherbourg,15,NA,
3rd,1,male,39,0,1,349256,13.4167004,,Cherbourg,15,NA,
3rd,0,male,NA,0,0,2700,7.22919989,,Cherbourg,,NA,
3rd,0,male,18.5,0,0,2682,7.22919989,,Cherbourg,,58,
3rd,0,male,NA,0,0,12460,7.75,,Queenstown,,NA,
3rd,0,male,NA,0,0,323592,7.25,,Southampton,A,NA,
3rd,1,female,NA,0,0,9234,7.75,,Queenstown,16,NA,
3rd,1,female,NA,0,0,14312,7.75,,Queenstown,D,NA,
3rd,0,male,34.5,0,0,330911,7.82919979,,Queenstown,,70,
3rd,0,male,44,0,0,363592,8.05000019,,Southampton,,NA,
3rd,1,male,NA,0,0,368783,7.75,,Queenstown,,NA,
3rd,0,male,NA,1,0,2660,14.4541998,,Cherbourg,,NA,
3rd,0,female,NA,1,0,2660,14.4541998,,Cherbourg,,NA,
3rd,0,male,NA,1,0,367227,7.75,,Queenstown,,NA,
3rd,0,male,NA,1,0,367229,7.75,,Queenstown,,NA,
3rd,0,male,NA,0,0,36865,7.73750019,,Queenstown,,NA,
3rd,0,female,22,2,0,315152,8.66250038,,Southampton,,NA,
3rd,0,male,26,2,0,315151,8.66250038,,Southampton,,NA,
3rd,1,female,4,0,2,315153,22.0249996,,Southampton,2,NA,
3rd,1,male,29,3,1,315153,22.0249996,,Southampton,2,NA,
3rd,1,female,26,1,1,315153,22.0249996,,Southampton,2,NA,
3rd,0,female,1,1,1,350405,12.1833,,Southampton,,NA,
3rd,0,male,18,1,1,350404,7.85419989,,Southampton,,NA,
3rd,0,female,36,0,2,350405,12.1833,,Southampton,,NA,
3rd,0,male,NA,0,0,349253,7.89580011,,Cherbourg,,NA,
3rd,1,male,25,0,0,2654,7.22919989,F E57,Cherbourg,10,NA,
3rd,0,male,NA,0,0,2624,7.2249999,,Cherbourg,,NA,
3rd,0,female,37,0,0,4135,9.58749962,,Southampton,,NA,
3rd,0,male,NA,0,0,349217,7.89580011,,Southampton,,NA,
3rd,1,male,NA,0,0,1601,56.4958,,Southampton,C,NA,
3rd,0,male,NA,0,0,1601,56.4958,,Southampton,,NA,
3rd,1,female,22,0,0,C 7077,7.25,,Southampton,13,NA,
3rd,0,male,NA,0,0,7935,7.75,,Queenstown,,NA,
3rd,1,male,26,0,0,1601,56.4958,,Southampton,14,NA,
3rd,0,male,29,0,0,7545,9.48330021,,Southampton,,NA,
3rd,0,male,29,0,0,347067,7.7750001,,Southampton,,NA,
3rd,0,male,22,0,0,347065,7.7750001,,Southampton,,NA,
3rd,1,male,22,0,0,2620,7.2249999,,Cherbourg,6,NA,
3rd,0,male,NA,3,1,4133,25.4666996,,Southampton,,NA,
3rd,0,female,NA,3,1,4133,25.4666996,,Southampton,,NA,
3rd,0,female,NA,3,1,4133,25.4666996,,Southampton,,NA,
3rd,0,female,NA,3,1,4133,25.4666996,,Southampton,,NA,
3rd,0,female,NA,0,4,4133,25.4666996,,Southampton,,NA,
3rd,0,male,32,0,0,STON/O 2. 3101292,7.92500019,,Southampton,,NA,
3rd,0,male,34.5,0,0,2683,6.4375,,Cherbourg,,196,
3rd,0,female,NA,1,0,370371,15.5,,Queenstown,,NA,
3rd,0,male,NA,1,0,370371,15.5,,Queenstown,,NA,
3rd,0,male,36,0,0,LINE,0,,Southampton,,NA,
3rd,0,male,39,0,0,A/4 48871,24.1499996,,Southampton,,NA,
3rd,0,male,24,0,0,345781,9.5,,Southampton,,NA,
3rd,0,female,25,0,0,347071,7.7750001,,Southampton,,NA,
3rd,0,female,45,0,0,347073,7.75,,Southampton,,NA,
3rd,0,male,36,1,0,349910,15.5500002,,Southampton,A,NA,
3rd,0,female,30,1,0,349910,15.5500002,,Southampton,A,NA,
3rd,1,male,20,1,0,STON/O 2. 3101285,7.92500019,,Southampton,15,NA,
3rd,0,male,NA,0,0,330971,7.87919998,,Queenstown,,NA,
3rd,0,male,28,0,0,1601,56.4958,,Southampton,,NA,
3rd,0,male,NA,0,0,S.O./P.P. 251,7.55000019,,Southampton,,NA,
3rd,0,male,30,1,0,A/5. 3336,16.1000004,,Southampton,,NA,
3rd,0,female,26,1,0,A/5. 3336,16.1000004,,Southampton,,NA,
3rd,0,male,NA,0,0,1222,7.87919998,,Southampton,,153,
3rd,0,male,20.5,0,0,A/5 21173,7.25,,Southampton,,NA,
3rd,1,male,27,0,0,315098,8.66250038,,Southampton,15,NA,
3rd,0,male,51,0,0,347743,7.05420017,,Southampton,,NA,
3rd,1,female,23,0,0,347469,7.85419989,,Southampton,10,NA,
3rd,1,male,32,0,0,350403,7.57919979,,Southampton,15,NA,
3rd,0,male,NA,0,0,349235,7.89580011,,Southampton,,NA,
3rd,0,male,NA,0,0,C.A. 42795,7.55000019,,Southampton,,NA,
3rd,1,female,NA,0,0,370370,7.75,,Queenstown,15,NA,
3rd,1,male,24,0,0,C 17369,7.14169979,,Southampton,13,NA,
3rd,0,male,22,0,0,STON/O 2. 3101275,7.125,,Southampton,,NA,
3rd,0,female,NA,0,0,330924,7.87919998,,Queenstown,,NA,
3rd,0,male,NA,0,0,AQ/4 3130,7.75,,Queenstown,,NA,
3rd,0,male,NA,0,0,A/S 2816,8.05000019,,Southampton,,NA,
3rd,0,male,29,0,0,STON/O 2. 3101268,7.92500019,,Southampton,,NA,
3rd,1,male,NA,0,0,2677,7.22919989,,Cherbourg,15,NA,
3rd,0,female,30.5,0,0,364850,7.75,,Queenstown,,61,
3rd,1,female,NA,0,0,36866,7.73750019,,Queenstown,16,NA,
3rd,0,male,NA,0,0,2655,7.22919989,F E46,Cherbourg,,NA,
3rd,0,male,35,0,0,349213,7.89580011,,Cherbourg,,NA,
3rd,0,male,33,0,0,349257,7.89580011,,Southampton,,NA,
3rd,1,female,NA,0,0,2649,7.2249999,,Cherbourg,C,NA,
3rd,0,male,NA,0,0,349255,7.89580011,,Cherbourg,,NA,
3rd,1,female,NA,0,0,383123,7.75,,Queenstown,15 16,NA,
3rd,1,male,NA,0,0,367228,7.75,,Queenstown,,NA,
3rd,1,female,NA,2,0,367226,23.25,,Queenstown,16,NA,
3rd,1,female,NA,2,0,367226,23.25,,Queenstown,16,NA,
3rd,1,male,NA,2,0,367226,23.25,,Queenstown,16,NA,
3rd,1,female,NA,0,0,330932,7.7874999,,Queenstown,13,NA,
3rd,0,male,NA,0,0,36568,15.5,,Queenstown,,NA,
3rd,1,female,NA,0,0,330931,7.87919998,,Queenstown,13,NA,
3rd,1,female,15,0,0,330923,8.0291996,,Queenstown,,NA,
3rd,0,female,35,0,0,9232,7.75,,Queenstown,,NA,
3rd,0,male,NA,0,0,370372,7.75,,Queenstown,,NA,
3rd,0,male,24,1,0,376566,16.1000004,,Southampton,,NA,
3rd,0,female,19,1,0,376566,16.1000004,,Southampton,,53,
3rd,0,female,NA,0,0,370368,7.75,,Queenstown,,NA,
3rd,0,female,NA,0,0,SOTON/O.Q. 392087,8.05000019,,Southampton,,NA,
3rd,0,female,NA,0,0,343095,8.05000019,,Southampton,,NA,
3rd,0,male,55.5,0,0,A.5. 11206,8.05000019,,Southampton,,201,
3rd,0,male,NA,0,0,368703,7.75,,Queenstown,,NA,
3rd,1,male,21,0,0,345501,7.7750001,,Southampton,15,NA,
3rd,0,male,NA,0,0,359306,8.05000019,,Southampton,,NA,
3rd,0,male,24,0,0,349233,7.89580011,,Southampton,,NA,
3rd,0,male,21,0,0,349211,7.89580011,,Southampton,,NA,
3rd,0,male,28,0,0,349207,7.89580011,,Southampton,,NA,
3rd,0,male,NA,0,0,349221,7.89580011,,Southampton,,NA,
3rd,1,female,NA,0,0,330980,7.87919998,,Queenstown,16,NA,
3rd,0,male,25,0,0,348123,7.6500001,F G73,Southampton,,309,
3rd,1,male,6,0,1,392096,12.4750004,E121,Southampton,14,NA,
3rd,1,female,27,0,1,392096,12.4750004,E121,Southampton,14,NA,
3rd,0,male,NA,0,0,A4. 54510,8.05000019,,Southampton,,NA,
3rd,1,female,NA,1,0,371110,24.1499996,,Queenstown,16,NA,
3rd,0,male,NA,1,0,371110,24.1499996,,Queenstown,,NA,
3rd,0,male,NA,0,0,330877,8.45829964,,Queenstown,,NA,
3rd,0,male,34,0,0,364506,8.05000019,,Southampton,,NA,
3rd,0,male,NA,0,0,372622,7.75,,Queenstown,,NA,
3rd,1,male,NA,0,0,312991,7.7750001,,Southampton,B,NA,
3rd,1,male,NA,1,1,2661,15.2458,,Cherbourg,C,NA,
3rd,1,male,NA,1,1,2661,15.2458,,Cherbourg,C,NA,
3rd,1,female,NA,0,2,2661,15.2458,,Cherbourg,C,NA,
3rd,1,female,NA,0,0,2626,7.22919989,,Cherbourg,,NA,
3rd,0,male,NA,0,0,374746,8.05000019,,Southampton,,NA,
3rd,1,female,NA,0,0,35852,7.73330021,,Queenstown,16,NA,
3rd,1,female,24,0,0,382653,7.75,,Queenstown,15,NA,
3rd,0,male,NA,0,0,A./5. 3235,8.05000019,,Southampton,,NA,
3rd,1,female,NA,1,0,367230,15.5,,Queenstown,16,NA,
3rd,1,female,NA,1,0,367230,15.5,,Queenstown,16,NA,
3rd,1,female,NA,0,0,36568,15.5,,Queenstown,16,NA,
3rd,0,male,18,0,0,347078,7.75,,Southampton,,NA,
3rd,0,male,22,0,0,349206,7.89580011,,Southampton,,NA,
3rd,1,female,15,0,0,2667,7.2249999,,Cherbourg,C,NA,
3rd,1,female,1,0,2,2653,15.7417002,,Cherbourg,C,NA,
3rd,1,male,20,1,1,2653,15.7417002,,Cherbourg,C,NA,
3rd,1,female,19,1,1,2653,15.7417002,,Cherbourg,C,NA,
3rd,0,male,33,0,0,A./5. 3338,8.05000019,,Southampton,,NA,
3rd,0,male,NA,0,0,349218,7.89580011,,Southampton,,NA,
3rd,0,male,NA,0,0,2652,7.22919989,,Cherbourg,,NA,
3rd,0,female,NA,0,0,365237,7.75,,Queenstown,,NA,
3rd,0,male,NA,0,0,349234,7.89580011,,Southampton,,NA,
3rd,1,male,12,1,0,2651,11.2417002,,Cherbourg,C,NA,
3rd,1,female,14,1,0,2651,11.2417002,,Cherbourg,C,NA,
3rd,0,female,29,0,0,3101297,7.92500019,,Southampton,,NA,
3rd,0,male,28,0,0,363611,8.05000019,,Southampton,,NA,
3rd,1,female,18,0,0,347066,7.7750001,,Southampton,D,NA,
3rd,1,female,26,0,0,347470,7.85419989,,Southampton,13,NA,
3rd,0,male,21,0,0,350410,7.85419989,,Southampton,,NA,
3rd,0,male,41,0,0,SOTON/O2 3101272,7.125,,Southampton,,NA,"Finland Sudbury, ON"
3rd,1,male,39,0,0,STON/O 2. 3101289,7.92500019,,Southampton,9,NA,
3rd,0,male,21,0,0,A/4. 39886,7.80000019,,Southampton,,NA,
3rd,0,male,28.5,0,0,2697,7.22919989,,Cherbourg,,181,
3rd,1,female,22,0,0,347081,7.75,,Southampton,13,NA,
3rd,0,male,61,0,0,345364,6.23750019,,Southampton,,NA,
3rd,0,male,NA,1,0,370365,15.5,,Queenstown,,NA,
3rd,0,male,NA,0,0,330979,7.82919979,,Queenstown,,NA,
3rd,1,female,NA,1,0,370365,15.5,,Queenstown,,NA,
3rd,0,male,NA,0,0,334912,7.73330021,,Queenstown,,NA,
3rd,0,male,NA,0,0,371060,7.75,,Queenstown,,NA,
3rd,0,male,NA,0,0,366713,7.75,,Queenstown,,NA,
3rd,0,male,23,0,0,7267,9.22500038,,Southampton,,NA,
3rd,0,female,NA,0,0,364856,7.75,,Queenstown,,NA,
3rd,1,female,NA,0,0,14311,7.75,,Queenstown,D,NA,
3rd,1,female,NA,0,0,330959,7.87919998,,Queenstown,,NA,
3rd,1,female,22,0,0,347085,7.7750001,,Southampton,C,NA,
3rd,1,male,NA,0,0,368402,7.75,,Queenstown,B,NA,
3rd,1,female,NA,0,0,330919,7.82919979,,Queenstown,13,NA,
3rd,1,male,9,0,1,C 17368,3.17079997,,Southampton,13,NA,
3rd,0,male,28,0,0,C 4001,22.5249996,,Southampton,,173,
3rd,0,male,42,0,1,4579,8.4041996,,Southampton,,NA,
3rd,0,male,NA,0,0,Fa 265302,7.3125,,Southampton,,NA,
3rd,0,female,31,0,0,350407,7.85419989,,Southampton,,NA,
3rd,0,male,28,0,0,347464,7.85419989,,Southampton,,NA,
3rd,1,male,32,0,0,347079,7.7750001,,Southampton,A,NA,
3rd,0,male,20,0,0,6563,9.22500038,,Southampton,,89,"Oslo, Norway Cameron, WI"
3rd,0,female,23,0,0,315085,8.66250038,,Southampton,,NA,
3rd,0,female,20,0,0,315096,8.66250038,,Southampton,,NA,
3rd,0,male,20,0,0,315094,8.66250038,,Southampton,,NA,
3rd,0,male,16,0,0,7534,9.2166996,,Southampton,,NA,
3rd,1,female,31,0,0,349244,8.68330002,,Southampton,,NA,
3rd,0,female,NA,0,0,330909,7.62919998,,Queenstown,,NA,
3rd,0,male,2,3,1,349909,21.0750008,,Southampton,,4,
3rd,0,male,6,3,1,349909,21.0750008,,Southampton,,NA,
3rd,0,female,3,3,1,349909,21.0750008,,Southampton,,NA,
3rd,0,female,8,3,1,349909,21.0750008,,Southampton,,NA,
3rd,0,female,29,0,4,349909,21.0750008,,Southampton,,206,
3rd,0,male,1,4,1,3101295,39.6875,,Southampton,,NA,
3rd,0,male,7,4,1,3101295,39.6875,,Southampton,,NA,
3rd,0,male,2,4,1,3101295,39.6875,,Southampton,,NA,
3rd,0,male,16,4,1,3101295,39.6875,,Southampton,,NA,
3rd,0,male,14,4,1,3101295,39.6875,,Southampton,,NA,
3rd,0,female,41,0,5,3101295,39.6875,,Southampton,,NA,
3rd,0,male,21,0,0,315097,8.66250038,,Southampton,,NA,
3rd,0,male,19,0,0,358585,14.5,,Southampton,,NA,
3rd,0,male,NA,0,0,3411,8.71249962,,Cherbourg,,NA,
3rd,0,male,32,0,0,349242,7.89580011,,Southampton,,NA,
3rd,0,male,0.75,1,1,SOTON/O.Q. 3101315,13.7749996,,Southampton,,NA,
3rd,0,female,3,1,1,SOTON/O.Q. 3101315,13.7749996,,Southampton,,NA,
3rd,0,female,26,0,2,SOTON/O.Q. 3101315,13.7749996,,Southampton,,NA,
3rd,0,male,NA,0,0,343271,7,,Southampton,,NA,
3rd,0,male,NA,0,0,345498,7.7750001,,Southampton,,NA,
3rd,0,male,NA,0,0,A/5 2817,8.05000019,,Southampton,,NA,
3rd,0,male,21,0,0,STON/O 2. 3101294,7.92500019,,Southampton,,NA,
3rd,0,male,25,0,0,STON/O 2. 3101291,7.92500019,,Southampton,,NA,
3rd,0,male,22,0,0,A/5 21174,7.25,,Southampton,,NA,
3rd,1,male,25,1,0,347083,7.7750001,,Southampton,15,NA,
3rd,1,male,NA,1,1,2668,22.3582993,,Cherbourg,C,NA,
3rd,1,female,NA,1,1,2668,22.3582993,F E69,Cherbourg,D,NA,
3rd,1,female,NA,0,2,2668,22.3582993,,Cherbourg,D,NA,
3rd,0,female,NA,0,0,330935,8.13749981,,Queenstown,,NA,
3rd,0,male,24,0,0,342441,8.05000019,,Southampton,,NA,
3rd,0,female,28,0,0,349245,7.89580011,,Southampton,,NA,
3rd,0,male,19,0,0,349212,7.89580011,,Southampton,,NA,
3rd,0,male,NA,0,0,349215,7.89580011,,Southampton,,NA,
3rd,0,male,25,1,0,347076,7.7750001,,Southampton,,NA,
3rd,0,female,18,0,0,347087,7.7750001,,Southampton,,NA,
3rd,1,male,32,0,0,SOTON/O.Q. 392078,8.05000019,E10,Southampton,9,NA,
3rd,0,male,NA,0,0,349227,7.89580011,,Southampton,,NA,
3rd,0,male,17,0,0,315095,8.66250038,,Southampton,,NA,
3rd,0,male,24,0,0,315092,8.66250038,,Southampton,,NA,
3rd,0,male,NA,0,0,349223,7.89580011,,Southampton,,NA,
3rd,0,female,NA,0,0,65305,8.11250019,,Southampton,,NA,
3rd,0,male,NA,0,0,2629,7.22919989,,Cherbourg,,NA,
3rd,0,male,NA,0,0,362316,7.25,,Southampton,,NA,
3rd,0,male,38,0,0,349249,7.89580011,,Southampton,,NA,
3rd,0,male,21,0,0,342684,8.05000019,,Southampton,,NA,
3rd,0,male,10,4,1,382652,29.125,,Queenstown,,NA,
3rd,0,male,4,4,1,382652,29.125,,Queenstown,,NA,
3rd,0,male,7,4,1,382652,29.125,,Queenstown,,NA,
3rd,0,male,2,4,1,382652,29.125,,Queenstown,,NA,
3rd,0,male,8,4,1,382652,29.125,,Queenstown,,NA,
3rd,0,female,39,0,5,382652,29.125,,Queenstown,,327,
3rd,0,female,22,0,0,3101295,39.6875,,Southampton,,NA,
3rd,0,male,35,0,0,STON/O 2. 3101273,7.125,,Southampton,,NA,
3rd,1,female,NA,0,0,334915,7.72079992,,Queenstown,13,NA,
3rd,0,male,NA,0,0,364498,14.5,,Southampton,,NA,
3rd,0,female,NA,0,0,364498,14.5,,Southampton,,NA,
3rd,0,male,50,1,0,A/5. 3337,14.5,,Southampton,,119,
3rd,0,female,47,1,0,A/5. 3337,14.5,,Southampton,,7,
3rd,0,male,NA,0,0,S.C./A.4. 23567,8.05000019,,Southampton,,NA,
3rd,0,male,NA,0,0,312993,7.7750001,,Southampton,,NA,
3rd,0,female,2,1,1,370129,20.2124996,,Southampton,,NA,
3rd,0,male,18,1,1,370129,20.2124996,,Southampton,,NA,
3rd,0,female,41,0,2,370129,20.2124996,,Southampton,,NA,
3rd,1,female,NA,0,0,342712,8.05000019,,Southampton,C,NA,
3rd,0,male,50,0,0,A/5 3594,8.05000019,,Southampton,,NA,
3rd,0,male,16,0,0,A/4. 20589,8.05000019,,Southampton,,NA,
3rd,1,male,NA,0,0,383162,7.75,,Queenstown,14,NA,
3rd,0,male,NA,0,0,371110,24.1499996,,Queenstown,,NA,
3rd,0,male,NA,0,0,2671,7.22919989,,Cherbourg,,NA,
3rd,0,male,25,0,0,2672,7.2249999,,Cherbourg,,NA,
3rd,0,male,NA,0,0,2676,7.2249999,,Cherbourg,,NA,
3rd,0,male,NA,0,0,367655,7.72919989,,Queenstown,,NA,
3rd,0,male,NA,0,0,LP 1588,7.57499981,,Southampton,,NA,
3rd,0,male,38.5,0,0,SOTON/O.Q. 3101262,7.25,,Southampton,,32,
3rd,0,male,NA,8,2,CA. 2343,69.5500031,,Southampton,,NA,
3rd,0,male,14.5,8,2,CA. 2343,69.5500031,,Southampton,,67,
3rd,0,female,NA,8,2,CA. 2343,69.5500031,,Southampton,,NA,
3rd,0,female,NA,8,2,CA. 2343,69.5500031,,Southampton,,NA,
3rd,0,female,NA,8,2,CA. 2343,69.5500031,,Southampton,,NA,
3rd,0,female,NA,8,2,CA. 2343,69.5500031,,Southampton,,NA,
3rd,0,male,NA,8,2,CA. 2343,69.5500031,,Southampton,,NA,
3rd,0,male,NA,8,2,CA. 2343,69.5500031,,Southampton,,NA,
3rd,0,male,NA,8,2,CA. 2343,69.5500031,,Southampton,,NA,
3rd,0,male,NA,1,9,CA. 2343,69.5500031,,Southampton,,NA,
3rd,0,female,NA,1,9,CA. 2343,69.5500031,,Southampton,,NA,
3rd,0,male,24,0,0,7266,9.32499981,,Southampton,,NA,
3rd,1,female,21,0,0,343120,7.6500001,,Southampton,C,NA,
3rd,0,male,39,0,0,3101296,7.92500019,,Southampton,,NA,
3rd,0,male,NA,2,0,2662,21.6791992,,Cherbourg,,NA,
3rd,0,male,NA,2,0,2662,21.6791992,,Cherbourg,,NA,
3rd,0,male,NA,2,0,2662,21.6791992,,Cherbourg,,NA,
3rd,1,female,1,1,1,PP 9549,16.7000008,G6,Southampton,13,NA,
3rd,1,female,24,0,2,PP 9549,16.7000008,G6,Southampton,13,NA,
3rd,1,female,4,1,1,PP 9549,16.7000008,G6,Southampton,13,NA,
3rd,1,male,25,0,0,345768,9.5,,Southampton,11,NA,
3rd,0,male,20,0,0,A/5. 2151,8.05000019,,Southampton,,NA,
3rd,0,male,24.5,0,0,342826,8.05000019,,Southampton,,284,
3rd,0,male,NA,0,0,36209,7.7249999,,Queenstown,,NA,
3rd,0,male,NA,0,0,349222,7.89580011,,Southampton,,NA,
3rd,0,male,NA,0,0,370374,7.75,,Queenstown,,NA,
3rd,1,male,29,0,0,345779,9.5,,Southampton,11,NA,
3rd,0,male,NA,0,0,C.A. 6212,15.1000004,,Southampton,,NA,
3rd,1,female,NA,0,0,330968,7.77920008,,Queenstown,,NA,
3rd,0,male,NA,0,0,374910,8.05000019,,Southampton,,NA,
3rd,0,male,NA,0,0,SOTON/OQ 392082,8.05000019,,Southampton,,NA,
3rd,0,male,22,0,0,2669,7.22919989,,Cherbourg,,NA,
3rd,0,male,NA,0,0,392092,8.05000019,,Southampton,,NA,
3rd,0,male,40,0,0,349251,7.89580011,,Southampton,,NA,
3rd,0,male,21,0,0,STON/O 2. 3101280,7.92500019,,Southampton,,NA,
3rd,1,female,18,0,0,3101265,7.49580002,,Southampton,16,NA,
3rd,0,male,4,3,2,347088,27.8999996,,Southampton,,NA,
3rd,0,male,10,3,2,347088,27.8999996,,Southampton,,NA,
3rd,0,female,9,3,2,347088,27.8999996,,Southampton,,NA,
3rd,0,female,2,3,2,347088,27.8999996,,Southampton,,NA,
3rd,0,male,40,1,4,347088,27.8999996,,Southampton,,NA,
3rd,0,female,45,1,4,347088,27.8999996,,Southampton,,NA,
3rd,0,male,NA,0,0,349214,7.89580011,,Southampton,,NA,
3rd,0,male,NA,0,0,SOTON/OQ 392086,8.05000019,,Southampton,,NA,
3rd,0,male,NA,0,0,315037,8.66250038,,Southampton,,NA,
3rd,0,male,NA,0,0,384461,7.75,,Queenstown,,NA,
3rd,1,female,NA,0,0,335432,7.73330021,,Queenstown,13,NA,
3rd,0,male,19,0,0,348124,7.6500001,F G73,Southampton,,NA,
3rd,0,male,30,0,0,A.5. 18509,8.05000019,,Southampton,,NA,
3rd,0,male,NA,0,0,A.5. 3236,8.05000019,,Southampton,,NA,
3rd,0,male,32,0,0,STON/OQ. 369943,8.05000019,,Southampton,,NA,
3rd,0,male,NA,0,0,349208,7.89580011,,Southampton,,NA,
3rd,0,male,33,0,0,349239,8.66250038,,Cherbourg,,NA,
3rd,1,female,23,0,0,CA. 2314,7.55000019,,Southampton,C,NA,
3rd,0,male,21,0,0,A/4 45380,8.05000019,,Southampton,,NA,
3rd,0,male,60.5,0,0,3701,NA,,Southampton,,261,
3rd,0,male,19,0,0,349205,7.89580011,,Southampton,,NA,
3rd,0,female,22,0,0,7553,9.83749962,,Southampton,,NA,
3rd,1,male,31,0,0,STON/O 2. 3101288,7.92500019,,Southampton,9,NA,
3rd,0,male,27,0,0,315083,8.66250038,,Southampton,,NA,
3rd,0,female,2,0,1,347054,10.4624996,G6,Southampton,,NA,
3rd,0,female,29,1,1,347054,10.4624996,G6,Southampton,,NA,
3rd,1,male,16,0,0,SOTON/OQ 392089,8.05000019,,Southampton,B,NA,
3rd,1,male,44,0,0,STON/O 2. 3101269,7.92500019,,Southampton,15,NA,
3rd,0,male,25,0,0,SOTON/OQ 392076,7.05000019,,Southampton,,NA,
3rd,0,male,74,0,0,347060,7.7750001,,Southampton,,NA,
3rd,1,male,14,0,0,7538,9.22500038,,Southampton,13,NA,
3rd,0,male,24,0,0,350035,7.79580021,,Southampton,,NA,
3rd,1,male,25,0,0,350033,7.79580021,,Southampton,13 15,NA,
3rd,0,male,34,0,0,363294,8.05000019,,Southampton,,176,
3rd,1,male,0.416700006,0,1,2625,8.51669979,,Cherbourg,16,NA,
3rd,0,male,NA,1,0,2621,6.4375,,Cherbourg,,NA,
3rd,0,male,NA,0,0,2681,6.4375,,Cherbourg,,NA,
3rd,0,male,NA,0,0,2684,7.2249999,,Cherbourg,,NA,
3rd,1,female,16,1,1,2625,8.51669979,,Cherbourg,14,NA,
3rd,0,male,NA,0,0,32302,8.05000019,,Southampton,,NA,
3rd,0,male,NA,1,0,376564,16.1000004,,Southampton,,NA,
3rd,1,female,NA,1,0,376564,16.1000004,,Southampton,10,NA,
3rd,0,male,32,0,0,STON/O 2. 3101293,7.92500019,,Southampton,,NA,
3rd,0,male,NA,0,0,383121,7.75,F38,Queenstown,,NA,
3rd,0,male,NA,0,0,349216,7.89580011,,Southampton,,NA,
3rd,0,male,30.5,0,0,364499,8.05000019,,Southampton,,50,
3rd,0,male,44,0,0,364511,8.05000019,,Southampton,,NA,
3rd,0,male,NA,0,0,2673,7.22919989,,Cherbourg,,NA,
3rd,1,male,25,0,0,LINE,0,,Southampton,15,NA,
3rd,0,male,NA,0,0,2641,7.22919989,,Cherbourg,,NA,
3rd,1,male,7,1,1,2650,15.2458,,Cherbourg,C,NA,
3rd,1,female,9,1,1,2650,15.2458,,Cherbourg,C,NA,
3rd,1,female,29,0,2,2650,15.2458,,Cherbourg,C,NA,
3rd,0,male,36,0,0,349247,7.89580011,,Southampton,,NA,
3rd,1,female,18,0,0,4138,9.8416996,,Southampton,15,NA,
3rd,1,female,63,0,0,4134,9.58749962,,Southampton,15,NA,
3rd,0,male,NA,1,1,A/5. 851,14.5,,Southampton,,NA,
3rd,0,male,11.5,1,1,A/5. 851,14.5,,Southampton,,1,
3rd,0,male,40.5,0,2,A/5. 851,14.5,,Southampton,,255,
3rd,0,female,10,0,2,345773,24.1499996,,Southampton,,NA,
3rd,0,male,36,1,1,345773,24.1499996,,Southampton,,NA,
3rd,0,female,30,1,1,345773,24.1499996,,Southampton,,NA,
3rd,0,male,NA,0,0,345777,9.5,,Southampton,,NA,
3rd,0,male,33,0,0,345780,9.5,,Southampton,,NA,
3rd,0,male,28,0,0,345770,9.5,,Southampton,,NA,
3rd,0,male,28,0,0,345783,9.5,,Southampton,,NA,
3rd,0,male,47,0,0,345765,9,,Southampton,,NA,
3rd,0,female,18,2,0,345764,18,,Southampton,,NA,
3rd,0,male,31,3,0,345763,18,,Southampton,,NA,
3rd,0,male,16,2,0,345764,18,,Southampton,,NA,
3rd,0,female,31,1,0,345763,18,,Southampton,,NA,
3rd,1,male,22,0,0,2658,7.2249999,,Cherbourg,13 15,NA,
3rd,0,male,20,0,0,350416,7.85419989,,Southampton,,NA,
3rd,0,female,14,0,0,350406,7.85419989,,Southampton,,NA,
3rd,0,male,22,0,0,349252,7.89580011,,Southampton,,NA,
3rd,0,male,22,0,0,345767,9,,Southampton,,NA,"Antwerp, Belgium / Stanton, OH"
3rd,0,male,NA,0,0,359309,8.05000019,,Southampton,,NA,
3rd,0,male,NA,0,0,C.A. 49867,7.55000019,,Southampton,,NA,
3rd,0,male,NA,0,0,SOTON/OQ 3101316,8.05000019,,Southampton,,NA,
3rd,0,male,32.5,0,0,345775,9.5,,Southampton,,298,
3rd,1,female,38,0,0,2688,7.22919989,,Cherbourg,C,NA,
3rd,0,male,51,0,0,347064,7.75,,Southampton,,NA,
3rd,0,male,18,1,0,3101267,6.49580002,,Southampton,,314,
3rd,0,male,21,1,0,3101266,6.49580002,,Southampton,,NA,
3rd,1,female,47,1,0,363272,7,,Southampton,,NA,
3rd,0,male,NA,0,0,3410,8.71249962,,Southampton,,NA,
3rd,0,male,NA,0,0,S.O./P.P. 751,7.55000019,,Southampton,,NA,
3rd,0,male,NA,0,0,A/5 2466,8.05000019,,Southampton,,NA,
3rd,0,male,28.5,0,0,54636,16.1000004,,Southampton,,14,
3rd,0,male,21,0,0,SOTON/OQ 3101317,7.25,,Southampton,,NA,
3rd,0,male,27,0,0,315154,8.66250038,,Southampton,,131,
3rd,0,male,NA,0,0,A/4. 34244,7.25,,Southampton,,NA,
3rd,0,male,36,0,0,345771,9.5,,Southampton,,NA,
3rd,0,male,27,1,0,2659,14.4541998,,Cherbourg,C,NA,
3rd,1,female,15,1,0,2659,14.4541998,,Cherbourg,,NA,
3rd,0,male,45.5,0,0,2628,7.2249999,,Cherbourg,,312,
3rd,0,male,NA,0,0,2647,7.2249999,,Cherbourg,,NA,
3rd,0,male,NA,0,0,2627,14.4582996,,Cherbourg,,NA,
3rd,0,female,14.5,1,0,2665,14.4541998,,Cherbourg,,328,
3rd,0,female,NA,1,0,2665,14.4541998,,Cherbourg,,NA,
3rd,0,male,26.5,0,0,2656,7.2249999,,Cherbourg,,304,
3rd,0,male,27,0,0,2670,7.2249999,,Cherbourg,,NA,
3rd,0,male,29,0,0,315082,7.875,,Southampton,,NA,
